Category,Parameter,Value,Low,High,Unit,Source,Notes
#,,,,,,
# MALDIVES CBA MODEL - INPUT PARAMETERS,,,,,,
# Updated 5 Feb 2026 with verified values from IRENA RPGC 2024; BNEF 2025; EPA SCC 2023; GoM Energy Roadmap,,,,,,
# Low/High columns define sensitivity analysis ranges (one-way + Monte Carlo),,,,,,
#,,,,,,
,,,,,,
# TIME HORIZON,,,,,,
Time,Base Year,2026,,,year,,Model start year
Time,Horizon 20yr,2046,,,year,,Short-term analysis end
Time,Horizon 30yr,2056,,,year,,Medium-term analysis end (DEFAULT)
Time,Horizon 50yr,2076,,,year,,Long-term analysis end
,,,,,,
# CURRENT SYSTEM STATE (2024 baseline),,,,,,
Current System,Total Installed Capacity,600,,,MW,GoM Energy Roadmap Nov 2024,Confirmed ~600 MW as of July 2024
Current System,Diesel Capacity,531.5,,,MW,Derived (600 - 68.5 solar),Greater Male 140 MW + outer islands 181 MW + resorts 211 MW
Current System,Solar PV Capacity,68.5,,,MW,GoM Energy Roadmap 2024,+164 MW under construction (Dec 2025)
Current System,Battery Storage,8,,,MWh,GoM Energy Roadmap 2024; ADB POISED PCR 2023,~8 MWh installed; 80 MWh under ADB/WB contracts; POISED achieved 28% fuel savings
Current System,Diesel Generation Share,0.93,,,%,IRENA/Ember 2023,93% of electricity from diesel
Current System,RE Generation Share,0.06,,,%,GoM Energy Roadmap 2024,~6% from solar per Energy Roadmap
,,,,,,
# ELECTRICITY DEMAND,,,,,,
Demand,Base Demand 2026,1200,1050,1350,GWh/year,"IRENA 2022 (1025 GWh) × 1.05^4; validated against 2018 Island Electricity Data Book (585 GWh for 115 islands = 70% of IRENA 840 GWh)","R7: PUBLIC UTILITY demand only — EXCLUDES resort sector (1050 GWh off-grid). Total national electricity ~2250 GWh (1200 utility + 1050 resort). Roadmap 2400 GWh figure includes resorts. Triangulated: IRENA 2022 → 2026 projection. 2018 Data Book confirms ~840 GWh national utility."
Demand,Base Peak 2026,200,,,MW,"STELCO MD (edition.mv Aug 2025): Greater Malé +50 MW/5yr; PNG data: Malé+Hulhumalé peak 107 MW (~2023); 2018 Data Book: 97.6 MW (115 islands)","Triangulated: Greater Malé ~107 MW (PNG) + outer islands ~60-90 MW = ~170-200 MW national. STELCO MD confirms +50 MW/5yr trajectory. 200 MW is reasonable upper bound."
Demand,Load Factor,0.68,,,ratio,"2018 Island Electricity Data Book (115 islands: 585 GWh / 97.6 MW peak / 8760h = 0.685); Malé LF=0.686","Empirical national LF=0.685. Old value 0.63 was back-calculated from rounded demand/peak, not measured. Island mean=0.585, Malé=0.686."
Demand,Growth Rate - BAU,0.05,0.035,0.065,%/year,"IRENA 2018-2022: 840→1025 GWh = 5.1%/yr; STELCO MD (edition.mv Aug 2025): Malé ~9% but national avg ~5%","Validated: IRENA utility sector 5.1%/yr (2018-2022). Greater Malé grows faster (~9%) but outer islands slower (~2-3%). National weighted avg ~5%."
Demand,Growth Rate - National Grid,0.04,,,%/year,With efficiency gains,~1% reduction from BAU with grid efficiency
Demand,Growth Rate - Full Integration,0.05,,,%/year,Same as BAU; induced demand now modelled via price elasticity (L8),Was 0.055 (crude proxy for induced demand). Now uses BAU growth + explicit price elasticity post-cable.
Demand,Price Elasticity of Demand,-0.3,-0.5,-0.1,ratio,"Wolfram et al. (2012) 'Modelling Electricity Demand in Developing Countries'; Burke et al. (2015) 'Global Energy Demand'","Short-run elasticity for SIDS. Range: -0.1 (inelastic/captive) to -0.5 (elastic/substitution available). Applied post-cable in Full Integration only."
,,,,,,
# FUEL COSTS,,,,,,
Fuel,Diesel Price 2026,0.85,0.60,1.10,USD/liter,Platts Dec 2025; STO import data 2023-24,Maldives actual $0.82 (2023) / $0.87 (2024); $0.85 conservative midpoint
Fuel,Diesel Price Escalation,0.02,0.00,0.05,%/year,IEA WEO projection,2% real price increase
Fuel,Fuel Efficiency,3.3,2.8,3.8,kWh/liter,"2018 Island Electricity Data Book (115 islands: mean 3.31 kWh/L, median 3.15 kWh/L)","National weighted average. R4: see segmented Male/outer values below."
Fuel,Male Diesel Efficiency,3.3,3.0,3.5,kWh/liter,"2018 Island Electricity Data Book: Greater Malé large gensets (>5 MW). STELCO fleet: medium-speed (Caterpillar/MAN)","R4: Greater Malé utility-scale diesel efficiency. Large efficient gensets."
Fuel,Outer Diesel Efficiency,2.38,2.0,2.8,kWh/liter,"Roadmap §4.1.2: outer islands avg 0.42 L/kWh = 2.38 kWh/L. Small gensets (<500 kW), poor maintenance, frequent load cycling.","R4: Outer island diesel efficiency. Small gensets, partial loading, poor maintenance. 39% less efficient than Malé."
Fuel,CO2 Emission Factor,0.72,,,kgCO2/kWh,IPCC 2006 Guidelines,From diesel combustion
,,,,,,
# TECHNOLOGY COSTS - SOLAR PV,,,,,,
Solar,CAPEX 2026,1500,900,2200,USD/kW,"AIIB (2021) Maldives Solar Power Development P000377: $107.4M/36MW total project; solar component est. $1667-2500/kW. ASPIRE (World Bank 2015): $9.3M/6.5MW = $1431/kW. IPP pipeline $1000-1571/kW. IRENA RPGC 2024 SIDS range $800-1200/kW.",Island SIDS installed cost incl. logistics/shipping/salt environment. Low=$900 reflects IRENA 2024 SIDS best-in-class; High=$2200 atoll premium
Solar,CAPEX Annual Decline,0.04,,,%/year,IRENA learning rates,4% forward-looking learning rate
Solar,Learning Rate,0.20,0.15,0.25,ratio,"Wright (1936); Rubin et al. (2015) EEEP 3(2); IRENA (2024) RPGC Fig 3.1: solar 23% historical 2010-2023",P6: endogenous learning — 20% cost reduction per doubling of cumulative capacity
Solar,Global Cumulative GW 2026,1500,1200,1800,GW,"IRENA (2024) Renewable Capacity Statistics: 1419 GW end-2023 + ~300 GW/yr additions","P6: baseline cumulative deployment for Wright's Law"
Solar,Global Annual Addition GW,350,250,450,GW/year,"IRENA (2024); IEA WEO 2024: 420 GW in 2023, ~350 GW/yr forward trend","P6: annual global solar additions for learning curve projection"
Solar,OPEX (% of CAPEX),0.015,,,%,"IRENA RPGC 2024 §3.3: utility PV O&M 1-2% of CAPEX/yr globally; NREL ATB 2024: $16-18/kW-yr ≈ 1.1-1.2% at $1500/kW. 1.5% reflects island premium (salt corrosion; logistics).",1.5% of CAPEX annually. Island environments require more frequent cleaning and corrosion mitigation.
Solar,Capacity Factor,0.175,0.15,0.22,ratio,World Bank/Solargis Maldives Atlas,PVOUT ~1530 kWh/kWp; GHI 2000-2050 kWh/m2/yr
Solar,Lifetime,30,,,years,"IRENA RPGC 2024 §3.2: modern crystalline Si modules 25-30yr economic lifetime; IEC 61215:2021 accelerated aging test qualifies for 25yr; major manufacturers (LONGi; Trina; JA Solar) offer 30yr performance warranties (2024).",Modern PV modules warranted 25-30 years; 30yr used as economic lifetime.
Solar,Degradation Rate,0.005,0.003,0.008,%/year,"Jordan & Kurtz 2013 (NREL); IRENA RPGC 2024",0.5%/yr median; modern mono-Si 0.3-0.5%; older poly-Si up to 0.8%
Solar,Lifecycle Emission Factor,0.040,,,kgCO2/kWh,IPCC AR5 median for utility PV,Manufacturing + transport + decommissioning
,,,,,,
# TECHNOLOGY COSTS - BATTERY STORAGE,,,,,,
Battery,CAPEX 2026,350,200,500,USD/kWh,"AIIB (2021) Maldives Solar P000377: $23-25M CTF for 50 MWh BESS = $460-500/kWh total island allocation. Lazard LCOS 2023 v8.0: $147-295/kWh utility-scale 4hr LFP. BNEF 2025 pack $70/kWh (cell only).",Total installed system cost (cells+inverter+BMS+installation+shipping). $120/kWh was cell/pack only; islands 2-3x higher than mainland turnkey
Battery,CAPEX Annual Decline,0.06,,,%/year,BNEF/NREL 2025 projections,Slowing from 30-45% recent drops; 6% forward average
Battery,Learning Rate,0.18,0.12,0.22,ratio,"Ziegler & Trancik (2021) Energy Policy 151; BNEF (2023) battery price survey: 18% historical LR",P6: endogenous learning — 18% cost reduction per doubling of cumulative capacity
Battery,Global Cumulative GWh 2026,500,350,700,GWh,"BNEF (2025) Global Energy Storage Outlook: ~450 GWh deployed end-2024 + growth","P6: baseline cumulative battery deployment"
Battery,Global Annual Addition GWh,200,120,300,GWh/year,"BNEF (2025); IEA GEVO 2024: 192 GWh added in 2024","P6: annual global battery additions for learning curve"
Battery,OPEX,5,,,USD/kWh/year,Ember LCOS model 2025,Modern LFP lower maintenance costs
Battery,Round-trip Efficiency,0.88,,,ratio,LFP battery specs 2025,Modern LFP systems 87-92% RTE
Battery,Lifetime,15,,,years,BNEF; manufacturer specs,LFP 6000+ cycles = 15-20 years
Battery,Storage Hours,4.0,3.0,6.0,hours,"IRENA Innovation Outlook BESS 2023; NREL ATB 2024",Duration for island evening/night load coverage (4h typical for SIDS)
,,,,,,
# TECHNOLOGY COSTS - DIESEL GENERATORS,,,,,,
Diesel Gen,CAPEX,800,600,1200,USD/kW,"EIA AEO 2025 Capital Cost & Performance (Table 5: Combustion Turbine/Diesel); USPE Global (2024): $900-1400/kW installed (10MW scale); Rockefeller Foundation (2020): $502/kW (>100kW mainland), $800/kW (<100kW SIDS). Island premium 20-50% for shipping/civil works.",Medium-speed diesel for island systems. $800/kW reflects SIDS island-installed cost including fuel storage and controls.
Diesel Gen,OPEX,0.025,0.015,0.040,USD/kWh,"EIA AEO 2025 Capital Cost & Performance: diesel/CT VOM $0.015-0.030/kWh; Lazard LCOE v16 (2023): diesel reciprocating O&M $0.02-0.04/kWh; Solar Island Energy (2017): $0.05-0.07/kWh island O&M (incl. staffing). $0.025 reflects variable-only O&M excl. fuel.",Variable O&M cost excluding fuel. Fixed O&M captured in fleet maintenance (Supply Security).
Diesel Gen,Lifetime,20,15,25,years,"OEM guidance: Wärtsilä 32/CAT/MAN medium-speed rated 100k-150k hrs; at 6000-7500 hrs/yr = 13-25yr. 20yr conservative for tropical marine (salt/humidity). ADB POISED (2012).",Medium-speed diesel for island systems
,,,,,,
# INDIA CABLE (FULL INTEGRATION),,,,,,
Cable,Length to India,700,,,km,Geographic + routing premium,Direct ~600 km + 15-20% for routing
Cable,CAPEX per km,3000000,2000000,5000000,USD/km,IRENA; NordLink/NorNed/Basslink benchmarks,IRENA $1-3M/km; $5M high for unprecedented deep-ocean depth 2000m+
Cable,Capacity,200,,,MW,OSOWOG proposal,Sized for Maldives demand
Cable,GoM Cost Share,1.0,0.5,1.00,%,No cost-sharing agreement exists; Maldives bears full cost (conservative),100% Maldives pays; sensitivity 50-100%
Cable,Online Year,2032,,,year,Realistic timeline,5-7 years from decision; no contract signed yet
Cable,O&M Cost,0.02,,,%/year,"CIGRÉ TB 852 (2024) §6: submarine cable O&M typically 1.5-2.5% of CAPEX/yr; NorNed operational data ~2% (Statnett/TenneT annual reports); Basslink regulatory submissions ~2.2% (Amplitude/AER 2023).",2% annual O&M as fraction of total cable CAPEX
Cable,Lifetime,40,,,years,"CIGRÉ TB 852 (2024): Recommendations for Testing DC Extruded Cable Systems; 40yr design life for XLPE-insulated HVDC cables",Design life for prequalification testing
Cable,Converter Station Cost per MW,1600000,1200000,2000000,USD/MW,"Härtel et al. (2017) EPSR 151:419-431; Vrana & Härtel (2023) EEM 2023; MISO MTEP24 Tables 2.4-1/2; Basslink ORC (Amplitude 2023 for AER). At 200MW scale upper range more likely due to fixed costs.","VSC-HVDC converter station pair. 200MW station pair total $640M ($480-800M). Per-MW costs higher at 200MW vs 1GW+ due to fixed valve hall/building/electrode costs. Only 3 manufacturers (Hitachi Energy; Siemens Energy; GE Vernova)."
Cable,Landing Cost per End,40000000,30000000,50000000,USD/end,"CIGRÉ TB 815 (2021): Cable Systems Accessories; Worzyk (2009) Submarine Power Cables Ch.11; typical range $30-60M per landing station","Shore-end landing station cost — civil works; HDD/trenching; protection. Two ends required (India + Maldives)."
Cable,Number of Landings,2,,,count,Two-terminal link: India + Maldives,Each HVDC link requires two shore-end landing stations
Cable,IDC Rate,0.15,0.10,0.20,fraction,"ADB/IFC SIDS project finance norms: 3-5yr construction at 5-8% interest; typical IDC 10-20% of base CAPEX","Interest During Construction — capitalised financing cost added to project CAPEX. 15% of cable+converter+landing base cost."
Cable,Grid Upgrade Cost,75000000,50000000,100000000,USD,"STELCO Grid Modernization Plan (via GoM Energy Roadmap Nov 2024); ADB POISED PCR 2023","Maldives-side grid reinforcement: Greater Malé substation upgrade; SCADA/protection systems; converter station integration. Not GoM-share-dependent."
,,,,,,
# NETWORK / ROUTING,,,,,,
Network,Routing Premium,1.15,1.10,1.25,multiplier,Engineering assumption — reef avoidance and bathymetry routing,Straight-line distance × 1.15 for submarine cable routing around reefs
,,,,,,
# INTER-ISLAND GRID (NATIONAL GRID & FULL INTEGRATION),,,,,,
Inter-Island Grid,Total Length,14,8,25,km,"Least-cost engine: only 3 islands justify grid extension (Hulhumalé 7.5km, Vilingili 3.1km, Maradhoo 3.0km = 13.6km). Low=closest 2; High=5 islands.","MST analysis (network.py): 170/176 islands optimal as standalone solar+battery. Only 3 near-hub islands benefit from grid extension."
Inter-Island Grid,CAPEX per km,1500000,800000,2500000,USD/km,"NREL (2023) NREL/TP-5700-87184: subsea cable costs $200-600/m ($200k-600k/km) for 7-12kV marine systems; 33kV adds ~50-100% premium. Submarine Networks (2024): generic subsea power cable >$2.5M/km (HV, deep water). $1.5M/km reflects 33kV shallow-water (<50m) inter-island cable incl. trenching through coral substrate.",Shallow-water 33kV AC submarine cable. Short distances (3-8 km). Reef navigation adds complexity but shallow depth reduces cost vs deep-water HVDC.
Inter-Island Grid,Build Start Year,2027,,,year,"Model design choice — aligned with GoM Energy Roadmap 2024-2033 near-term infrastructure.",
Inter-Island Grid,Build End Year,2030,,,year,"Model design choice — 3yr phased construction aligned with GoM Roadmap and outer-island RE deployment ramp.",3-year phased construction
,,,,,,
# POWER PURCHASE AGREEMENT (IMPORTS FROM INDIA),,,,,,
PPA,Import Price 2030,0.06,0.04,0.10,USD/kWh,India Energy Exchange (IEX) 2024-25,IEX day-ahead avg Rs 3.5-4.5/kWh ($0.04-$0.05) + cross-border premium
PPA,Price Escalation,0.01,,,%/year,"IEA WEO 2024 India Energy Outlook: real electricity price growth ~0.5-1.5%/yr under Stated Policies; CEA General Review 2024: wholesale tariff escalation ~1%/yr real. 1% conservative.",1% real annual increase in PPA import price
PPA,Transmission Charge,0.01,,,USD/kWh,"India CERC Open Access Regulations (2024): inter-state transmission charge Rs 0.5-1.0/kWh ($0.006-0.012); cross-border wheeling adds ~Rs 0.3/kWh ($0.004). Total ~$0.01/kWh.",Cross-border wheeling charge included in delivered import price
PPA,India Grid Emission Factor,0.70,,,kgCO2/kWh,"CEA CO2 Database 2023 (India); IEA WEO 2023",India national grid weighted-average emission factor
PPA,India Grid Emission Decline,0.02,,,%/year,"IEA India Energy Outlook 2021; India NDC trajectory",Annual rate of grid decarbonisation (renewables ramp)
PPA,India Grid Base Year,2024,,,year,"Base year for India grid decarbonisation trajectory","D-MO-04: Year from which India grid emission factor decline is calculated"
,,,,,,
# RE DEPLOYMENT — ENDOGENOUS (LCOE-driven + deployment ramp constraint),,,,,,
# Solar+battery LCOE ($0.166/kWh) < Diesel LCOE ($0.299/kWh) from day one.,,,,,,
# Optimal outer-island RE = 100% as fast as deployable. Constraint = construction speed.,,,,,,
# PPA import ($0.07/kWh) < domestic solar → FI minimizes domestic RE post-cable.,,,,,,
# National RE = outer_share × outer_RE + male_share × male_RE (male_RE ≈ 4%).,,,,,,
RE Deployment,Deployment Ramp MW per Year,50,30,100,MW/yr,"GoM pipeline 164 MW over ~3yr (55 MW/yr); SIDS logistics constraint. Low=conservative; High=aggressive mobilization.","Maximum solar capacity additions across all outer islands per year. Binding constraint: logistics, EPC capacity, financing absorption."
RE Deployment,Initial RE Share Outer,0.10,,,fraction,"68.5 MW installed (2024) ÷ outer-island demand (~516 GWh) ≈ 10%","Starting RE share on outer islands in base year (2026). Pipeline already delivers first deployments."
RE Deployment,Male Max RE Share,0.04,0.02,0.08,fraction,"ZNES Flensburg: 18 MWp rooftop → 27.6 GWh/yr vs 684 GWh Malé demand = 4%. Low=5 MWp only; High=25 MWp incl. private.","Greater Malé max achievable RE without India cable. Land-constrained: no ground-mount possible."
RE Deployment,Domestic RE Target 2050,0.30,,,%,Model assumption — FI domestic RE cap (most demand met by cable import),S1 domestic RE ceiling for India cable scenario. PPA $0.07 < solar $0.166 → cable import preferred.
RE Deployment,Inter Island Grid,1,0,1,boolean,"Model design — controls inclusion of inter-island cable costs","D-MO-07: Whether to include inter-island cable costs in grid scenarios (S2/S3/S5/S6/S7)"
,,,,,,
# SEGMENTED DEMAND GROWTH (R1/R2/R3 — Roadmap calibration),,,,,,
# Greater Malé: 7.9% near-term (STELCO Master Plan) tapering to national rate,,,,,,
# Outer islands: 9% near-term (guesthouse boom) tapering to national rate,,,,,,
# Resorts: 2% (fixed capacity). National weighted average ~5%,,,,,,
Demand,Male Growth Near Term,0.10,0.08,0.12,%/year,"STELCO Master Plan via Roadmap §4.1.1: Greater Malé 7.9%–9.6%/yr (Hulhumalé Phase 2/3 construction boom; Gulhifalhu industrial zone). Central value 10% reflects midpoint of STELCO range during peak construction.","R1: Greater Malé near-term demand growth rate. Includes Hulhumalé expansion. Tapers to long-term rate by Male Demand Saturation Year."
Demand,Male Growth Long Term,0.06,0.05,0.07,%/year,"Rate at saturation year (2035) before post-peak deceleration. Higher than national avg during construction tail. STELCO MD + Roadmap.","R1: Greater Malé rate at saturation year. After this, transitions to Male Post-Peak Growth Rate (decentralization)."
Demand,Male Demand Min Share,0.45,0.40,0.55,fraction,"Census 2022 (NBS): Greater Malé 43% of national pop (Malé 38.6% + Hulhumalé 4.4% = 43%); HDC master plan projects continued urban primacy through 2060; Bertaud (2019) primacy model for island nations.","H17: Floor on Malé demand share. Even with strong decentralization, Greater Malé retains ~45% as capital, port, institutional center."
Demand,Male Demand Saturation Year,2035,2032,2040,year,"Hulhumalé Phase 2 completion ~2030; Phase 3 ~2035. HDC timeline. R1: Changed from 2040 to 2035 (construction boom subsides earlier).","Year by which Greater Malé growth rate converges to long-term rate. After this year, transitions to Male Post-Peak Growth Rate."
Demand,Male Post-Peak Growth Rate,0.035,0.025,0.045,%/year,"Post-construction-boom deceleration: density saturation (Bertaud 2019), water/power infrastructure constraints (MWSC), land scarcity (Census 2022: 65,000/km² Malé). Outer islands grow faster via decentralization policy (ARISE 2024, SAP 2019-2023).","H17: Greater Malé growth rate after saturation year. Lower than outer post-peak rate, driving share decline (decentralization)."
Demand,Outer Growth Near Term,0.07,0.05,0.09,%/year,"Roadmap §4.1.2: outer island growth driven by guesthouse tourism boom; energy access expansion (POISED/ASSURE). Central 7% is conservative vs 9% peak; reflects carrying capacity limits.","R2: Outer island near-term demand growth rate. Guesthouse tourism + energy access. Tapers to Outer Growth Long Term by Outer Growth Taper Year."
Demand,Outer Growth Long Term,0.05,0.04,0.06,%/year,"Converges to national BAU rate once guesthouse expansion saturates (~2030). Tourism carrying capacity limits.","R2: Outer island long-term growth rate. Equal to national rate."
Demand,Outer Growth Taper Year,2030,2028,2032,year,"Guesthouse boom peaks ~2028-2030; tourism capacity constraints bind. Roadmap implicit timeline.","R2: Year by which outer island growth converges to long-term rate."
Demand,Outer Post-Peak Growth Rate,0.06,0.05,0.07,%/year,"Post-2035 outer island electrification acceleration: ARISE Strategic Action Plan (2024) targets 100% RE access; decentralization policy (SAP 2019-2023); guesthouse economy matures beyond initial atolls. Rate exceeds Greater Malé post-peak, driving share rebalancing.","H17: Outer island growth rate after Male Demand Saturation Year. Higher than Malé post-peak, driving decentralization."
Demand,Resort Growth Rate,0.02,0.01,0.03,%/year,"Roadmap §4.1.3: fixed guest capacity (bed licenses); growth only from renovation + efficiency investments.","R3: Resort island demand growth. Off-grid; not in CBA scope. Informational for national emissions context."
,,,,,,
# NEAR-SHORE SOLAR POTENTIAL (D61),,,,,,
# Uninhabited islands near Malé can host solar farms connected by short cables.,,,,,,
# Breaks Malé 4% rooftop cap → 25% RE via near-shore; 65% with floating solar.,,,,,,
Near-Shore Solar,Near-Shore Solar MW,104,60,150,MW,"GIS analysis: uninhabited islands within 10km of Malé (Thilafushi 0.43km² 6.9km; Gulhifalhu 0.45km² 5.7km; Funadhoo 0.15km²; Dhoonidhoo 0.16km²) → 1.82km² × 15% × 1MW/7m² = 104MW","Solar capacity on uninhabited islands near Malé (within 10km). Connected by short submarine cable."
Near-Shore Solar,Near-Shore Cable Cost per MW,250000,200000,350000,USD/MW,"Engineering estimate: $5-8M for 5-10km shallow-water cable connecting solar farm to Malé grid; amortised over 104 MW","Per-MW cost of submarine cable connecting near-shore solar island to Malé grid"
Near-Shore Solar,Near-Shore Build Start,2030,,,year,"Realistic timeline — permitting; EIA; cable manufacturing after initial outer-island RE deployment","Start year for near-shore solar construction"
Near-Shore Solar,Near-Shore Build Years,3,,,years,"3-year phased construction: land prep; cable laying; panel installation","Construction duration for near-shore solar farms"
Near-Shore Solar,Floating Solar MW,195,100,250,MW,"GoM/MCCEE (2024) Energy Road Map 2024–2033: 100 MW Greater Malé lagoon + 95 MW outer atolls/resorts = 195 MW total floating solar target.","Floating solar PV capacity — aligned with GoM Roadmap 195 MW target"
Near-Shore Solar,Floating Solar CAPEX Premium,1.50,1.30,1.80,multiplier,"IRENA (2020) Where Sun Meets Water: floating PV 10-25% cost premium over ground-mount. SIDS marine environment → 50% premium.","CAPEX multiplier for floating PV vs ground-mount (anchoring; marine-grade; corrosion protection)"
Near-Shore Solar,Floating Solar Build Start,2033,,,year,"After near-shore islands; requires proven floating PV technology in marine environment","Start year for floating solar construction"
Near-Shore Solar,Floating Solar Build Years,5,,,years,"5-year phased construction for large-scale floating PV on lagoon","Construction duration for floating solar"
,,,,,,
# LNG TRANSITION (R9 — S7),,,,,,
# Gulhifalhu LNG terminal replaces diesel for Greater Malé.,,,,,,
# Outer islands follow same solar+battery path as National Grid (S3).,,,,,,
# Source: GoM Energy Roadmap 2024-2033; ADB/Mahurkar Prefeasibility 2023; IEA Gas Market Report 2024.,,,,,,
LNG,LNG Plant Capacity MW,140,100,400,MW,"GoM Energy Roadmap 2024-2033: 140 MW initial; scalable to 400 MW","Gulhifalhu LNG terminal installed capacity for Greater Malé"
LNG,LNG CAPEX per MW,1200000,900000,1500000,USD/MW,"ADB/Mahurkar LNG Prefeasibility 2023; IEA WEO 2024 small-scale LNG","Per-MW CAPEX for small-scale LNG terminal + CCGT/gas engine"
LNG,LNG OPEX per MWh,8,5,12,USD/MWh,"IEA Gas Market Report 2024; Lazard LCOE v16 (2023) gas peaker O&M","Fixed + variable O&M per MWh generated"
LNG,LNG Fuel Cost per MWh,70,50,100,USD/MWh,"IEA Gas Market Report 2024; Platts LNG marker Dec 2025 ~$14/MMBtu × 7 MMBtu/MWh","Fuel cost per MWh at delivered LNG price including regasification"
LNG,LNG Fuel Escalation,0.015,0.005,0.025,%/yr,"IEA WEO 2024 Stated Policies: LNG real price escalation 1-2%/yr","Annual real escalation of LNG fuel cost"
LNG,LNG Emission Factor,0.40,0.35,0.45,kgCO2/kWh,"IPCC 2006 Vol.2 Ch.2 Table 2.2: natural gas 56.1 kgCO2/GJ; 40-45% efficiency → 0.37-0.45 kgCO2/kWh","CO2 emission factor for LNG power generation (CCGT)"
LNG,LNG Construction Start,2028,2027,2030,year,"GoM Energy Roadmap: Gulhifalhu terminal planning underway; 3-4 yr construction","Year LNG terminal construction begins"
LNG,LNG Online Year,2031,2030,2033,year,"GoM Energy Roadmap: 3-year construction from 2028","Year LNG terminal becomes operational"
LNG,LNG Plant Lifetime,30,25,35,years,"IEA WEO 2024; typical CCGT/gas engine lifetime","Economic lifetime of LNG power plant"
LNG,LNG Capacity Factor,0.80,0.70,0.90,fraction,"IEA WEO 2024; baseload LNG in island context","Annual capacity factor for LNG plant"
,,,,,,
# MCA SCORES — LNG TRANSITION (S7),,,,,,
MCA Scores LNG,Implementation Feasibility,0.60,0.40,0.75,score,"Expert assessment — proven technology; single-site construction; moderate complexity","LNG Transition: known technology but new to Maldives"
MCA Scores LNG,Social Equity,0.50,0.30,0.65,score,"Expert assessment — benefits concentrated in Greater Malé; outer islands same as NG","LNG Transition: Malé-centric benefit; outer islands get RE"
MCA Scores LNG,Climate Resilience,0.55,0.35,0.70,score,"Expert assessment — LNG supply chain vulnerability; but diversifies away from diesel","LNG Transition: reduces diesel dependence but new fuel import risk"
,,,,,,
# D-CR-03: MCA SCORES — NEAR-SHORE SOLAR (S5),,,,,,
MCA Scores NS,Implementation Feasibility,0.60,0.40,0.75,score,"Expert assessment — uninhabited island solar farms + submarine cables to nearby islands; moderate complexity","Near-Shore Solar: proven PV technology on dedicated islands; moderate logistics"
MCA Scores NS,Social Equity,0.75,0.55,0.90,score,"Expert assessment — benefits distributed across atolls with nearby uninhabited islands","Near-Shore Solar: broad geographic reach; some islands too remote"
MCA Scores NS,Climate Resilience,0.75,0.55,0.90,score,"Expert assessment — distributed solar assets; no single failure point; cyclone exposure on open islands","Near-Shore Solar: distributed but exposed to coastal hazards"
,,,,,,
# D-CR-03: MCA SCORES — MAXIMUM RE (S6),,,,,,
MCA Scores MX,Implementation Feasibility,0.40,0.25,0.55,score,"Expert assessment — requires floating solar (novel for SIDS) + rooftop + near-shore; highest technical complexity","Maximum RE: cutting-edge technology mix; highest implementation risk"
MCA Scores MX,Social Equity,0.80,0.60,0.95,score,"Expert assessment — most comprehensive RE coverage; all islands benefit; floating solar near Malé + distributed","Maximum RE: broadest benefit distribution"
MCA Scores MX,Climate Resilience,0.85,0.65,0.95,score,"Expert assessment — maximum fuel independence; most diversified technology portfolio; some floating solar vulnerability","Maximum RE: highest energy independence; most diversified"
,,,,,,
# WASTE-TO-ENERGY (R6),,,,,,
# Thilafushi 12 MW + Addu 1.5 MW + Vandhoo 0.5 MW = 14 MW baseload renewable.,,,,,,
# Source: GoM Energy Roadmap 2024-2033; ICLEI WtE Guidebook 2021; IRENA renewable classification.,,,,,,
WTE,WTE Total Capacity MW,14,10,20,MW,"GoM Energy Roadmap 2024-2033: 12 MW Thilafushi + 1.5 Addu + 0.5 Vandhoo","Total WTE capacity across 3 sites"
WTE,WTE CAPEX per kW,8000,6000,12000,USD/kW,"ICLEI Waste-to-Energy Guidebook 2021: $8k-12k/kW for <20 MW; EIA AEO 2024 ref $8,500/kW","Per-kW CAPEX for small-scale MSW incineration"
WTE,WTE OPEX pct,0.04,0.03,0.05,fraction,"Engineering estimate — 3-5% of CAPEX/yr for thermal plants; ICLEI WtE Guidebook 2021","Annual O&M as fraction of CAPEX"
WTE,WTE Capacity Factor,0.80,0.70,0.85,fraction,"Engineering estimate — baseload operation limited by waste supply; 80% typical for WTE","Annual capacity factor"
WTE,WTE Plant Lifetime,20,15,25,years,"ICLEI WtE Guidebook 2021: 20-year economic lifetime for medium-scale incineration","Economic lifetime of WTE plant"
WTE,WTE Online Year,2029,2028,2031,year,"GoM Energy Roadmap: Thilafushi WTE under construction; expected operational by 2029","Year WTE becomes operational"
WTE,WTE Emission Factor,0.0,0.0,0.15,kgCO2/kWh,"UNFCCC CDM methodology: biogenic MSW is carbon-neutral; fossil fraction ~40% plastics → ~0.15 kgCO2/kWh (IPCC 2006 Vol.5 Ch.5 Table 5.2). Base case uses UNFCCC convention; High bound includes fossil fraction","Net emission factor (biogenic CO2 not counted; fossil fraction in High bound for sensitivity)"
,,,,,,
# ECONOMICS,,,,,,
Economics,Discount Rate,0.06,0.03,0.12,%,"ADB Guidelines for Economic Analysis of Projects (2017) §4.12: 6% default EOCC for developing DMCs; range 2-12% per project risk. Stern Review (2006): 1.4%; HM Treasury Green Book (2026): 3.5%; IMF/WB SIDS practice: 6%.","6% real social discount rate; Low=3% (Stern/Green Book); High=12% (ADB developing-country upper bound per Guidelines for Economic Analysis 2017)"
Economics,DDR Rate 0-30yr,0.035,,,ratio,"HM Treasury Green Book (2026) Table 8; Drupp et al. (2018) AEJ: Economic Policy 10(4):109-134",Declining discount rate: years 0-30
Economics,DDR Rate 31-75yr,0.030,,,ratio,"HM Treasury Green Book (2026) Table 8; Weitzman (2001) AER 91(1):260-271",Declining discount rate: years 31-75
Economics,DDR Rate 76-125yr,0.025,,,ratio,"HM Treasury Green Book (2026) Table 8",Declining discount rate: years 76-125
Economics,Commercial Interest Rate,0.1155,0.08,0.15,%,World Bank WDI Lending Interest Rate Maldives 2024,Domestic commercial lending rate; infrastructure rates may differ
Economics,Social Cost of Carbon,190,0,300,USD/tCO2,US EPA Report on SCC 2023; Rennert et al. 2022 Nature,"Real 2020 USD; grows at 2%/yr (scc_annual_growth); discounted at project rate (6%). Low=$0 (financial only); High=$300 (Stern Review range). EPA central value at 2% Ramsey rate; no separate SCC-internal discounting applied."
Economics,SCC IWG Interim,51,,,USD/tCO2,US Interagency Working Group 2021,IWG interim value at 3% discount rate
Economics,SCC Annual Growth,0.02,,,%/year,EPA 2023,2% real annual increase in SCC
Economics,Value of Lost Load,5,2,10,USD/kWh,"ACER (2022) VOLL estimates: EU avg €8.7/kWh; Schröder & Kuckshinrichs (2015) review: developing countries $2-10/kWh; island systems $5-15/kWh; conservative for tourism-dependent SIDS",Tourism-dependent economy reliability value
Economics,Exchange Rate MVR/USD,15.4,14.5,16.5,MVR/USD,"Maldives Monetary Authority (MMA) 2025; IMF Article IV 2024",Official exchange rate — pegged since 2001; parallel market ~17 MVR/USD
,,,,,,
# RELIABILITY (D-CR-01: moved from dataclass default to CSV),,,,,,
Reliability,SAIDI Minutes,200,100,400,minutes/year,"STELCO Annual Report 2022 (estimated); CEER 2024 benchmarking for small islands 150-400 min/yr","System Average Interruption Duration Index for diesel-based island grids. Low=best-performing atoll; High=remote outer islands"
Reliability,SAIFI Interruptions,10,5,20,count/year,"STELCO operational data (estimated); CEER 2024 SIDS benchmark 5-25","System Average Interruption Frequency Index"
,,,,,,
# ISLANDED GREEN SCENARIO ADJUSTMENTS,,,,,,
Islanded,Cost Premium,1.30,,,multiplier,"Model design choice — ADB POISED PCR (2023): outer-island RE projects 20-40% cost premium vs mainland; 30% central estimate reflects logistics/shipping/smaller scale.",30% island premium (narrowing with cost declines)
Islanded,Battery Ratio,3,2.0,4.0,MWh/MW solar,"NREL ATB 2024; BNEF 2025 BESS sizing guidance. Low=aggressive oversizing; High=conservative.",Modern BESS sizing with smart grid controls
Islanded,Max RE Share,1.00,,,%,"Model design choice — least-cost engine output: 170/176 islands achieve 100% RE with solar+battery at lower LCOE than diesel (§M2b).","Per-island ceiling for outer islands. Least-cost engine shows 170/176 islands unconstrained → 100% solar+battery achievable."
Islanded,OPEX Premium,1.20,,,multiplier,"Model design choice — engineering estimate: 20% O&M premium for dispersed island operations (boat access; technician travel; spare parts logistics). Consistent with ADB POISED experience.",20% higher O&M for dispersed island operations
Islanded,RE Cap Factor,0.90,,,ratio,"Model design choice — conservative derating: standalone island RE systems achieve ~90% of grid-connected CF due to curtailment during low-demand periods and battery saturation.",Islanded RE targets capped at 90% of grid-connected targets
,,,,,,
# ONE GRID SCENARIO PARAMETERS,,,,,,
One Grid,Battery Ratio,1.5,1.0,2.5,MWh/MW solar,"NREL ATB 2024; cable baseload reduces storage needs. Low=minimal buffer; High=extended autonomy.",Less battery needed due to cable baseload stability
One Grid,Diesel Reserve Ratio,0.05,,,ratio,"Model design choice — 5% diesel reserve post-cable for emergency only. Consistent with grid codes requiring spinning reserve 3-8% of peak (IEC 62786; NERC BAL-002).",5% emergency backup once cable operational
One Grid,Diesel Backup Share,0.20,,,ratio,"Model design choice — 20% of peak capacity retained as diesel backup for cable outage events (λ=0.15/yr; D-CR-01). Consistent with N-1 planning criterion.",20% of peak retained as backup post-cable
One Grid,Diesel Retirement Rate,0.10,,,%/year,"Model design choice — 10% annual retirement rate post-cable = 10yr phase-out to 20% backup share. Aligned with diesel gen 20yr lifetime (Diesel Gen Lifetime param).",10% annual diesel fleet reduction post-cable
One Grid,Inter-Island Build Start,2027,,,year,"Model design choice — aligned with GoM Energy Roadmap 2024-2033 infrastructure timeline.",Start year for inter-island cable construction
One Grid,Inter-Island Build End,2028,,,year,"Model design choice — 1-year inter-island cable phase for 14km total (3 short links).",End year for inter-island cable construction
One Grid,Cable Construction Years,3,,,years,"Model design choice — aligned with India HVDC cable construction benchmarks (NorNed 3yr; Basslink 3yr). GoM Roadmap timeline.",Duration of India cable construction
,,,,,,
# OPERATIONAL PARAMETERS,,,,,,
Operations,Reserve Margin,0.15,,,ratio,"Model design choice — NERC standard 15% planning reserve margin; IEC 62786 island systems 10-20%. 15% central.",15% generation reserve above peak demand
Operations,Min Diesel Backup,0.20,,,ratio,"Model design choice — mirrors One Grid Diesel Backup Share; ensures N-1 reliability even at high RE penetration.",20% of peak demand maintained as diesel backup
Operations,Solar Peak Contribution,0.10,,,ratio,"Model design choice — capacity credit of solar PV for peak planning. NREL (2023): solar capacity credit 5-15% at high penetration; 10% conservative for tropical island evening peak.",10% of solar capacity counts toward peak
,,,,,,
# DISPATCH PARAMETERS (from GEP-OnSSET archived code onsset.py),,,,,,
Dispatch,Battery DoD Max,0.80,,,ratio,GEP-OnSSET onsset.py L194; standard for LFP batteries,Maximum depth of discharge
Dispatch,Diesel Min Load Fraction,0.40,,,ratio,GEP-OnSSET onsset.py L259; medium-speed diesel standard,Minimum load as fraction of rated capacity
Dispatch,Fuel Curve Idle Coeff,0.08145,,,l/hr/kW,GEP-OnSSET onsset.py L266; Mandelli et al. 2016,Idle fuel consumption per kW of installed capacity
Dispatch,Fuel Curve Proportional Coeff,0.246,,,l/kWh,GEP-OnSSET onsset.py L266; Mandelli et al. 2016,Proportional fuel consumption per kWh generated
Dispatch,Battery Charge Efficiency,0.938,,,ratio,sqrt(0.88 RT) — BNEF 2025 RT=0.88; C-WC-01 fix,One-way charging efficiency (sqrt of round-trip)
Dispatch,Battery Discharge Efficiency,0.938,,,ratio,sqrt(0.88 RT) — BNEF 2025 RT=0.88; C-WC-01 fix,One-way discharging efficiency (sqrt of round-trip)
Dispatch,Battery Self Discharge Rate,0.0002,,,/hr,GEP-OnSSET onsset.py L251: soc *= 0.9998,Hourly self-discharge fraction
Dispatch,Break Hour,17,,,hour,GEP-OnSSET dispatch strategy: battery priority before hour 17; diesel priority after,Dispatch strategy breakpoint hour (0-23)
Dispatch,PV System Derating Factor,0.90,,,ratio,"GEP-OnSSET onsset.py: 0.9 module efficiency/mismatch/wiring losses",System-level PV output derating (dust; mismatch; wiring; inverter)
Dispatch,Battery Cycle Life Coeff A,531.52764,,,,-,"GEP-OnSSET onsset.py L283; Schiffer et al. (2007) cycle-life curve fit",Battery wear curve coefficient A
Dispatch,Battery Cycle Life Coeff B,-1.12297,,,,-,"GEP-OnSSET onsset.py L284; Schiffer et al. (2007) cycle-life curve fit",Battery wear curve exponent B
Dispatch,Diesel Avg Capacity Factor,0.60,,,ratio,"Engineering estimate — diesel gensets on island systems typically 50-70% CF",Assumed diesel CF for LCOE amortisation in least-cost engine
Dispatch,Hybrid Default Solar Share,0.60,,,ratio,"Engineering assumption — typical PV-diesel hybrid sizing targets 50-70% solar share",Default solar generation share in hybrid LCOE calculation
Dispatch,Emergency Diesel CF,0.60,0.40,0.80,ratio,"Engineering estimate — diesel gensets during cable outage operate at 50-70% CF; central 60%","CR-07: emergency diesel capacity factor during cable outage events. Used for supply security cost calculation."
Dispatch,Max SAIDI Reduction Fraction,0.80,0.60,0.95,ratio,"Engineering assumption — RE diversification can reduce SAIDI by up to 80%; diminishing returns beyond","CR-08: maximum fraction by which SAIDI can be reduced through RE diversification and grid improvements"
,,,,,,
# PV TEMPERATURE DERATING,,,,,,
Solar,Temp Derating Coeff,0.005,,,/degC,IEC 61215; GEP-OnSSET onsset.py L186,Power loss per degree above 25C
Solar,NOCT Coeff,25.6,,,degC per kW/m2,GEP-OnSSET onsset.py L247: t_cell = temp + 0.0256*ghi,Cell temp rise above ambient per unit irradiance
Solar,Default Ambient Temp,28.0,,,degC,"Maldives Meteorological Service: annual avg ~28°C; Global Solar Atlas confirms",Fallback ambient temperature when per-island GIS data unavailable
Solar,Default GHI,5.55,,,kWh/m2/day,"Global Solar Atlas: Maldives national avg GHI 5.49-5.60 kWh/m²/day",Fallback GHI when per-island GIS data unavailable
,,,,,,
# SOLAR LAND CONSTRAINT,,,,,,
Solar,Max Land Fraction,0.15,0.10,0.25,fraction,"IMPROVEMENT_PLAN D20 analysis; typical urban planning 10-15%",Max fraction of island area usable for solar PV. Islands exceeding this are forced to cable/hybrid/diesel.
Solar,Area Per kW,7.0,5.0,10.0,m2/kW,"IRENA RPGC 2024; standard utility-scale ground-mount spacing",Panel + spacing area per kW of installed solar capacity
Solar,Total Inhabited Island Area,134.09,,,km2,"islands_master.csv (176 inhabited islands; COD-AB + Census 2022)",Sum of all 176 inhabited island land areas. Physical ceiling for ground-mount solar.
,,,,,,
# T&D LOSSES,,,,,,
Losses,Distribution Loss,0.11,,,ratio,World Bank WDI: Maldives electric power T&D losses ~11%,National weighted average — R5: see segmented params below
Losses,Male Grid Loss,0.08,,,ratio,"STELCO Annual Report 2022; compact Malé network, modern switchgear",R5: Greater Malé distribution losses (compact grid)
Losses,Outer Grid Loss,0.12,,,ratio,"World Bank WDI 2023; outer island long feeders + aging transformers",R5: Outer island distribution losses (dispersed grids)
Losses,HVDC Cable Loss,0.04,,,ratio,"Skog et al. CIGRE 2010 B1-106 p.10; NorNed measured 4.2%",HVDC submarine cable transmission loss
,,,,,,
# CABLE OUTAGE (supply security),,,,,,
Cable Outage,Outage Rate,0.15,0.10,0.20,events/yr,"NorNed ~0.13/yr (2 in 15yr); Basslink ~0.18/yr (3 in 17yr); Wikipedia public record",Annual cable outage probability (Poisson)
Cable Outage,Min Outage Duration,1,,,months,Basslink/NorNed repair histories,Minimum outage duration
Cable Outage,Max Outage Duration,6,,,months,Basslink 2015-16: 6 months; NorNed 2022: 5+ months,Maximum outage duration
,,,,,,
# FINANCING (verified rates only),,,,,,
Financing,ADB SIDS Concessional Rate,0.01,,,ratio,ADB Lending Policies and Rates 2026: Group A/B SIDS 1% per year,40yr maturity; 10yr grace period
Financing,ADB SIDS Maturity,40,,,years,ADB Lending Policies and Rates 2026,Concessional loan maturity
Financing,ADB SIDS Grace Period,10,,,years,ADB Lending Policies and Rates 2026,Grace period before principal repayment
Financing,ADB Eligible CAPEX Share,0.60,0.40,0.80,fraction,"Illustrative — typical ADB/MDB energy sector financing covers 40-80% of project CAPEX; remainder at commercial terms","Share of alt-scenario CAPEX eligible for ADB concessional financing"
Financing,Commercial Loan Maturity,20,,,years,"Standard infrastructure project finance maturity; ADB/IFC SIDS precedent",Commercial loan maturity for non-concessional tranche
Financing,Commercial Loan Grace,2,,,years,"Standard 2yr construction grace; ADB/IFC SIDS precedent",Grace period before principal repayment on commercial loans
,,,,,,
# HEALTH CO-BENEFITS (diesel displacement),,,,,,
Health,Damage Cost per MWh Diesel,40,20,80,USD/MWh,"Parry et al. (2014) IMF WP/14/174 framework; updated by Black et al. (2023) IMF WP/23/169; Black et al. (2025) IMF WP/25/270","Weighted avg: Malé $50-80/MWh (extreme density ~65k/km²); outer atolls $5-40/MWh (low exposure). Includes PM2.5 + secondary PM from NOx/SO2."
Health,PM25 Emission Factor,0.0002,,,t/MWh,EPA AP-42 Ch.3.4 Diesel Engines,PM2.5 emission factor for stationary diesel generators
Health,NOx Emission Factor,0.010,,,t/MWh,EPA AP-42 Ch.3.4 Diesel Engines,NOx emission factor for stationary diesel generators
,,,,,,
# CLIMATE ADAPTATION,,,,,,
Climate,Adaptation CAPEX Premium,0.075,0.05,0.15,fraction,"GCA (2025) 'Adapt Now: SIDS' — BCR 6.5 for Maldives. Base 7.5% per MDB SIDS practice; 5-15% explored in sensitivity. Needs dedicated engineering-economic study of Maldivian power assets (corrosion; wave run-up; cyclone loading).","Notional premium on coastal/submarine energy infrastructure CAPEX. 7.5% base defensible for SIDS; Maldives-specific study needed to tighten range."
,,,,,,
# CONNECTION COSTS (L11),,,,,,
Connection,Cost per Household,200,150,300,USD/household,"World Bank ESMAP (2019) Mini-Grid Design Manual; ADB POISED PCR 2023: $150-250/HH for SIDS; higher for remote atolls","Last-mile connection cost: meter; service cable; panel. Applied to incremental connections in RE/grid scenarios."
Connection,Number of Households,100000,,,count,"NBS Population and Housing Census 2022: ~515k population / ~5.1 persons per household ≈ 100k HH","Approximate total households requiring connection or upgrade"
Connection,Connection Rollout Years,5,,,years,"Illustrative — phased rollout 2027-2031 for grid scenarios","Years over which connection costs are spread"
,,,,,,
# ENVIRONMENTAL EXTERNALITIES (L16),,,,,,
Environment,Noise Damage per MWh Diesel,5,2,10,USD/MWh,"ExternE (2005) Methodology Update; Mattmann et al. (2016) meta-analysis; SIDS premium for dense settlements near gensets","Noise/vibration externality from diesel generators. Higher in dense Malé ($8-15/MWh); lower in outer atolls ($2-5/MWh). Weighted avg ~$5/MWh."
Environment,Fuel Spill Risk per MWh Diesel,3,1,8,USD/MWh,"Etkin (2004) J. Environmental Management; IMO IOPC Fund Claims Manual 2024; SIDS vulnerability premium","Expected fuel spill cost: probability × damage. SIDS have high coastline/area ratio; coral reef sensitivity. Includes cleanup + ecosystem damage + tourism loss."
Environment,Biodiversity Impact per MWh Diesel,2,1,5,USD/MWh,"TEEB (2010) Economics of Ecosystems and Biodiversity; Costanza et al. (2014) Global Environmental Change; coral reef $100k-600k/ha/yr","Biodiversity and ecosystem service loss from diesel operations: air pollution on marine ecosystems; fuel handling; thermal discharge. Conservative estimate."
,,,,,,
# TOURISM DEMAND MODULE (L6),,,,,,
Tourism,Resort Electricity Demand,1050,900,1200,GWh/year,"USAID/SARI Maldives Energy Detail; World Bank (2020): 170+ resorts × ~6 GWh/resort; 48.3% of national capacity share × total generation","Off-grid resort sector total electricity consumption. Self-generated diesel. NOT included in public utility CBA but relevant for national emissions."
Tourism,Green Premium per kWh,0.075,0.05,0.10,USD/kWh,"IRENA (2020) Renewable Energy and Jobs; Cornell Hotel Quarterly (2022): tourist willingness-to-pay for green stays $50-150/night ≈ $0.05-0.15/kWh equiv","Willingness-to-pay premium for renewable electricity in tourism sector. Revenue source for RE transition financing."
Tourism,Resort Diesel Emission Factor,0.85,,,kgCO2/kWh,"IPCC 2006 adjusted for small diesel gensets (<500kW) typical in resorts; lower efficiency than utility-scale","Resort generators are typically smaller and less efficient than utility gensets → higher emission factor"
Tourism,Resort kWh per Guest Night,60,50,200,kWh/guest-night,"Komandoo Island Resort (2020): 58.3; Crown & Champa Resorts (2017): 53; Sun Siyam Resorts (2024 target): ~198. Central ~60 for efficient operations.","Electricity intensity per occupied room-night. Range reflects efficient (50-60) to luxury/pre-efficiency (200) resorts. Source: individual resort sustainability reports."
,,,,,,
# SUPPLY SECURITY (diesel reserve),,,,,,
Supply Security,Idle Fleet Annual Cost,8,5,13,million USD/yr,"Engineering estimate: 240MW × $500-800/kW × 2-4% standby O&M. Cross-checked: STELCO financials show ~40-80M MVR/yr ($2.6-5.2M) PP maintenance for ~50MW active Greater Malé fleet (H1 2020 data). $8M central for 240MW idle is consistent with capacity scaling + standby premium.","Annual cost of maintaining diesel fleet in standby reserve. STELCO active fleet data anchors lower bound; 240MW idle scaling anchors upper."
Supply Security,Diesel Fuel Premium During Outage,0.20,0.10,0.30,fraction,"Engineering estimate — emergency procurement premium during cable outage","20% fuel cost premium during cable outage (spot market + logistics)"
,,,,,,
# ELECTRICITY STRUCTURE (Maldives-specific),,,,,,
Electricity Structure,Male Electricity Share,0.57,0.55,0.60,fraction,"Island Electricity Data Book 2016-2018 (Ministry of Environment and Energy Maldives): Greater Malé 56-60% of inhabited-island generation","Greater Malé Region share of total inhabited-island electricity generation"
Electricity Structure,Outer Island Electricity Cost,0.45,0.30,0.70,USD/kWh,"ADB POISED (CIF 2019): $0.30-0.70/kWh outer islands; Maldives Policy Think Tank (2024): $0.19-0.70/kWh with smaller islands >$0.70; World Bank ICR P128268: large systems $0.30-0.40/kWh; MOENV Island Electricity Databook 2019: 213.6M litres/750.6 GWh; ADB/WB hybrid PV-diesel avoided cost $0.30-0.60/kWh","Outer island diesel generation LCOE. $0.45/kWh midpoint of documented $0.30-0.70 band; slightly above mid to represent smaller less-efficient systems. Greater Malé $0.15-0.20/kWh. STO uniform fuel price but effective cost 50-200% higher on outer atolls (small gensets; low LF; dispersed O&M)."
Electricity Structure,Resort Installed Capacity Share,0.48,,,fraction,"USAID/SARI Maldives Energy Detail: 48.3% of national installed capacity on resort islands","Resorts are off-grid; self-generated diesel. Excluded from public utility CBA."
Electricity Structure,Male Rooftop Solar Potential,18,5,25,MWp,"ZNES Flensburg — Sustainable Energy Systems in Malé (Final Report): 5 MWp public buildings (36000 m²) + 13 MWp covered sports fields (95100 m²) at 140 Wp/m². Yield: 1530-1600 kWh/kWp/yr → 27.5-28.8 GWh/yr (~10% of Malé ~280 GWh demand). Low=5 (public buildings only); High=25 (incl. private rooftops).","Technical rooftop solar potential for Malé. Excludes ground-mount (no space). Greater Malé has ~10 MW installed as of 2024 (Energy Roadmap 2024-2033)."
Electricity Structure,Sectoral Split Residential,0.52,0.40,0.65,fraction,"SAARC Energy Data Centre — 2005 Maldives Energy Balance (via SAARC Energy Profile): household share ~52% of end-use","Public grid residential share (excl. resorts). SAARC 2005 is the only available sectoral breakdown."
Electricity Structure,Sectoral Split Commercial,0.24,0.15,0.35,fraction,"SAARC 2005 Energy Balance: manufacturing & commerce ~24% of end-use","Public grid commercial/tourism share"
Electricity Structure,Sectoral Split Public,0.24,0.15,0.35,fraction,"SAARC 2005 Energy Balance: public + government ~24% of end-use","Public grid public sector share"
,,,,,,
# M1: ISLAND DEMAND INTENSITY MULTIPLIERS,,,,,,
Demand,Intensity Urban,1.8,1.4,2.2,multiplier,"Derived from 2018 Island Electricity Data Book: Malé/Hulhumalé per-capita demand ~1.8× national avg","Urban islands (pop >15k): higher commercial activity; air conditioning; desalination"
Demand,Intensity Secondary,1.2,0.9,1.5,multiplier,"Derived from 2018 Island Electricity Data Book: mid-size islands per-capita ~1.2× national avg","Secondary islands (pop 2k-15k): moderate commercial load"
Demand,Intensity Rural,0.6,0.4,0.8,multiplier,"Derived from 2018 Island Electricity Data Book: small outer islands per-capita ~0.6× national avg","Rural islands (pop <2k): lower appliance penetration; limited commercial activity"
Demand,Urban Population Threshold,15000,10000,20000,persons,"Census 2022 — Malé/Hulhumalé/Addu exceed 15k","Population cutoff for Urban classification"
Demand,Secondary Population Threshold,2000,1000,3000,persons,"Census 2022 — distinguishes mid-size from small islands","Population cutoff for Secondary vs Rural"
,,,,,,
# MACROECONOMIC CONTEXT,,,,,,
Macro,GDP Billion USD,6.0,,,billion USD,"World Bank WDI 2023: Maldives GDP at current prices $6.0B",Nominal GDP
Macro,GDP Growth Rate,0.05,0.03,0.07,%/yr,"IMF Article IV 2024 Maldives: real GDP growth 5.2% (2024), 5.4% (2025 proj.); World Bank WDI avg 2014-2019 ~7%",Nominal GDP annual growth rate for fiscal burden projection
Macro,Number of Households,100000,,,count,"NBS Population and Housing Census 2022; ~515k population / ~5.1 persons per household",Approximate number of households
Macro,Avg Household Monthly Consumption,300,250,400,kWh/month,"STELCO Annual Report 2023: residential avg ~3600 kWh/yr = 300 kWh/month",Average residential electricity consumption per household
Macro,Current Retail Tariff,0.25,,,USD/kWh,"STELCO Domestic Tariff Schedule 2024: block-weighted average ~MVR 3.85/kWh ≈ $0.25/kWh",Block-weighted average residential tariff
Macro,India Domestic Rate,0.10,,,USD/kWh,"India CEA General Review 2024: national avg retail tariff Rs 8.4/kWh ≈ $0.10/kWh",India average retail electricity tariff (reference line in charts)
Macro,Current Subsidy per kWh,0.15,0.10,0.20,USD/kWh,"GoM Budget 2024: electricity subsidy allocation ~MVR 2.3/kWh ≈ $0.15/kWh; STELCO below-cost tariffs",Government subsidy per kWh to keep tariffs affordable
Macro,Population 2026,515000,,,persons,"NBS Census 2022 projection; GoM National Bureau of Statistics",Mid-year projected population
Macro,Population Growth Rate,0.015,,,ratio/year,"UN World Population Prospects 2024: Maldives 2020-2030 avg 1.5%/yr (declining from 1.8% to 1.2%)","Annual population growth rate for demand saturation ceiling calculation"
Macro,Subsidy Reform Start Year,2030,2028,2035,year,"GoM Medium-Term Fiscal Strategy 2024; ADB Maldives Country Partnership Strategy 2024-2028: tariff reform target","Year when subsidy per kWh starts declining linearly toward zero"
Macro,Subsidy Reform End Year,2040,2035,2050,year,"GoM Medium-Term Fiscal Strategy 2024; full cost recovery target by 2040 (10-year phase-out)","Year when subsidy per kWh reaches zero (full cost recovery)"
Demand,Demand Saturation kWh per Capita,7000,5000,9000,kWh/capita/year,"IEA World Energy Outlook 2024: Singapore ~8,800; Malaysia ~5,000; Thailand ~3,000. SIDS ceiling ~7,000 reflects tropical climate (no heating), high A/C penetration, and desalination load","A-M-01: Per-capita demand ceiling. Demand growth is capped when per-capita consumption reaches this level. Prevents unrealistic extrapolation at constant 5% growth."
,,,,,,
# LCOE BENCHMARKS (for report comparison charts),,,,,,
Benchmarks,Global Solar LCOE,0.049,,,USD/kWh,"IRENA Renewable Power Generation Costs 2024: global weighted-average utility PV LCOE $0.049/kWh",2023 commissioned projects
Benchmarks,Global Diesel Gen LCOE,0.28,,,USD/kWh,"IRENA Off-Grid Renewable Energy Statistics 2024: diesel mini-grid range $0.25-0.40/kWh; midpoint $0.28",Island/remote diesel generation typical range
Benchmarks,SIDS Avg Renewable LCOE,0.16,,,USD/kWh,"Surroop et al. (2024) MDPI Energies: SIDS renewable LCOE survey avg $0.14-0.18/kWh; midpoint $0.16",Survey of SIDS renewable energy projects
Benchmarks,Maldives CIF ASPIRE LCOE,0.099,,,USD/kWh,"World Bank ASPIRE Phase III ICR 2023: awarded solar PPA at $0.099/kWh",CIF/ASPIRE Phase III competitive tariff
Benchmarks,Tokelau LCOE,0.22,,,USD/kWh,"Tokelau Renewable Energy Project Final Report 2017: 100% solar+battery LCOE ~$0.22/kWh",Three-atoll 100% solar system
Benchmarks,Cook Islands LCOE,0.25,,,USD/kWh,"ADB Pacific Energy Update 2023: Cook Islands solar hybrid LCOE $0.23-0.27/kWh; midpoint $0.25",Solar hybrid across 15 islands
Benchmarks,Barbados LCOE,0.19,,,USD/kWh,"BNEF Caribbean Energy Outlook 2024: Barbados blended solar+gas LCOE ~$0.19/kWh",Solar + gas hybrid system
Benchmarks,Fiji LCOE,0.15,,,USD/kWh,"Fiji Electricity Authority Annual Report 2023: blended LCOE ~$0.15/kWh (hydro-dominated)",Hydro + diesel blended system
,,,,,,
# DISTRIBUTIONAL ASSUMPTIONS (illustrative policy scenarios — not model outputs),,,,,,
Distributional,Cost Share Government,25,,,percent,"Illustrative — based on GoM PSIP 2024 infrastructure financing patterns; typical SIDS govt share 20-30%",Government & state utility share of transition costs
Distributional,Cost Share MDBs,30,,,percent,"Illustrative — based on ADB/World Bank SIDS energy portfolio 2020-2024; MDBs typically fund 25-40%",Multilateral development bank concessional financing share
Distributional,Cost Share India,25,,,percent,"Illustrative — based on India OSOWOG/ISA proposals; India expected to fund cable infrastructure",India concessional financing share (primarily cable)
Distributional,Cost Share Private,20,,,percent,"Illustrative — based on SIDS IPP experience; Maldives CIF/ASPIRE attracted 15-25% private",Private sector / IPP investment share
Distributional,Benefit Share Households,35,,,percent,"Illustrative — households receive largest benefit through lower electricity bills; proportional to consumption share",Share of total benefits accruing to households
Distributional,Benefit Share Businesses,25,,,percent,"Illustrative — commercial/tourism sector ~40% of consumption but less price-sensitive",Share of total benefits accruing to businesses
Distributional,Benefit Share Government,15,,,percent,"Illustrative — government benefits through reduced subsidy burden",Share of total benefits accruing to government fiscal space
Distributional,Benefit Share Climate,20,,,percent,"Illustrative — global climate benefit from avoided CO2 emissions; valued at SCC",Share of total benefits from avoided emissions (global public good)
Distributional,Benefit Share Workers,5,,,percent,"Illustrative — new jobs in solar installation; maintenance; grid operations",Share of total benefits from employment creation
,,,,,,
# INVESTMENT PHASING (illustrative allocation across periods),,,,,,
Investment Phasing,Solar 2026-28,150,,,million USD,"Illustrative phasing — ~100MW at $1500/kW; front-loaded for quick wins",Solar PV investment in early period
Investment Phasing,Solar 2029-32,300,,,million USD,"Illustrative phasing — ~200MW at $1350/kW (with learning); peak solar build",Solar PV investment in construction period
Investment Phasing,Solar 2033-36,250,,,million USD,"Illustrative phasing — ~200MW at $1200/kW; continued expansion",Solar PV investment in deployment period
Investment Phasing,Solar 2037-40,150,,,million USD,"Illustrative phasing — ~150MW at $1000/kW; filling remaining capacity",Solar PV investment in late period
Investment Phasing,Solar 2041-50,100,,,million USD,"Illustrative phasing — replacement + marginal additions",Solar PV investment in final period
Investment Phasing,Battery 2026-28,50,,,million USD,"Illustrative phasing — initial BESS paired with early solar",Battery investment in early period
Investment Phasing,Battery 2029-32,150,,,million USD,"Illustrative phasing — major BESS deployment with grid buildout",Battery investment in construction period
Investment Phasing,Battery 2033-36,100,,,million USD,"Illustrative phasing — continued BESS expansion",Battery investment in deployment period
Investment Phasing,Battery 2037-40,50,,,million USD,"Illustrative phasing — replacement cycle begins",Battery investment in late period
Investment Phasing,Battery 2041-50,50,,,million USD,"Illustrative phasing — ongoing replacement",Battery investment in final period
Investment Phasing,Inter-Island 2026-28,100,,,million USD,"Illustrative phasing — Phase 1 Greater Male region",Inter-island grid investment in early period
Investment Phasing,Inter-Island 2029-32,400,,,million USD,"Illustrative phasing — major inter-atoll connections",Inter-island grid investment in construction period
Investment Phasing,Inter-Island 2033-36,200,,,million USD,"Illustrative phasing — extending to outer atolls",Inter-island grid investment in deployment period
Investment Phasing,Inter-Island 2037-40,100,,,million USD,"Illustrative phasing — final connections",Inter-island grid investment in late period
Investment Phasing,Inter-Island 2041-50,0,,,million USD,"Illustrative phasing — complete",Inter-island grid investment in final period
Investment Phasing,India Cable 2026-28,200,,,million USD,"Illustrative phasing — planning; surveying; initial manufacturing",India cable investment in early period
Investment Phasing,India Cable 2029-32,1200,,,million USD,"Illustrative phasing — main cable construction period",India cable investment in construction period
Investment Phasing,India Cable 2033-36,0,,,million USD,"Illustrative phasing — cable operational by 2032",India cable investment in deployment period
Investment Phasing,India Cable 2037-40,0,,,million USD,"Illustrative phasing — cable operational",India cable investment in late period
Investment Phasing,India Cable 2041-50,0,,,million USD,"Illustrative phasing — cable operational",India cable investment in final period
#,,,,,,
# MCA — MULTI-CRITERIA ANALYSIS (L17),,,,,,
# Weights must sum to 1.0. Qualitative scores are expert-assigned (0-1 scale).,,,,,,
#,,,,,,
MCA Weights,Economic Efficiency,0.20,0.10,0.40,weight,"ADB (2017) §7.3; Dodgson et al. (2009) DCLG MCA Manual",NPV savings vs BAU
MCA Weights,Environmental Impact,0.15,0.05,0.30,weight,"ADB (2017) §7.3; Dodgson et al. (2009) DCLG MCA Manual",Cumulative CO2 reduction
MCA Weights,Energy Security,0.15,0.05,0.25,weight,"ADB (2017) §7.3; Dodgson et al. (2009) DCLG MCA Manual",Final RE share (fuel independence)
MCA Weights,Health Benefits,0.10,0.05,0.20,weight,"ADB (2017) §7.3; Dodgson et al. (2009) DCLG MCA Manual",PV health co-benefits
MCA Weights,Fiscal Burden,0.10,0.05,0.20,weight,"ADB (2017) §7.3; Dodgson et al. (2009) DCLG MCA Manual",Total CAPEX (lower is better)
MCA Weights,Implementation Feasibility,0.10,0.05,0.20,weight,"ADB (2017) §7.3; Dodgson et al. (2009) DCLG MCA Manual",Implementation complexity (inverse)
MCA Weights,Social Equity,0.10,0.05,0.30,weight,"ADB (2017) §7.3; Dodgson et al. (2009) DCLG MCA Manual",Connection coverage / access
MCA Weights,Climate Resilience,0.10,0.05,0.20,weight,"ADB (2017) §7.3; Dodgson et al. (2009) DCLG MCA Manual",Resilience to climate / fuel shocks
MCA Scores FI,Implementation Feasibility,0.30,0.15,0.45,score,"Expert assessment — cross-border cable; PPA negotiation; geopolitical risk",Full Integration: complex international infrastructure
MCA Scores FI,Social Equity,0.40,0.20,0.60,score,"Expert assessment — benefits concentrated near Male cable landing",Full Integration: centralised benefits near cable
MCA Scores FI,Climate Resilience,0.50,0.30,0.70,score,"Expert assessment — single submarine cable = single point of failure",Full Integration: cable outage vulnerability
MCA Scores NG,Implementation Feasibility,0.50,0.30,0.70,score,"Expert assessment — domestic grid; distributed solar; moderate complexity",National Grid: moderate domestic infrastructure
MCA Scores NG,Social Equity,0.70,0.50,0.85,score,"Expert assessment — grid reaches many islands via submarine cables",National Grid: broad grid coverage
MCA Scores NG,Climate Resilience,0.70,0.50,0.85,score,"Expert assessment — domestic solar + grid redundancy; no single failure point",National Grid: diversified domestic assets
MCA Scores IG,Implementation Feasibility,0.80,0.60,0.95,score,"Expert assessment — modular island-by-island deployment; no grid dependency",Islanded Green: simplest implementation
MCA Scores IG,Social Equity,0.90,0.70,1.00,score,"Expert assessment — every island gets own RE system; most equitable",Islanded Green: universal island-level access
MCA Scores IG,Climate Resilience,0.80,0.60,0.95,score,"Expert assessment — fully distributed; no cable or grid dependency",Islanded Green: highest distributed resilience
,,,,,,
# P6: LEARNING CURVE PARAMETERS (Wright's Law) — see Solar/Battery sections above,,,,,,
# Already defined inline under Solar and Battery categories,,,,,,
,,,,,,
# P7: CLIMATE DAMAGE SCENARIOS (RCP 4.5 / RCP 8.5),,,,,,
Climate,RCP45 GHI Change 2050,-0.02,-0.04,-0.01,ratio,"IPCC AR6 WG1 (2021) Ch.7 Table 7.2; Crook et al. (2011) Energy & Env. Science 4:3101 — Indian Ocean region",P7: solar irradiance change by 2050 under RCP 4.5 (−2%)
Climate,RCP85 GHI Change 2050,-0.05,-0.08,-0.03,ratio,"IPCC AR6 WG1 (2021) Ch.7; Wild et al. (2015) J. Geophys. Res. 120:8141 — tropical Indian Ocean",P7: solar irradiance change by 2050 under RCP 8.5 (−5%)
Climate,RCP45 Temp Rise 2050,1.5,1.0,2.0,degC,"IPCC AR6 WG1 (2021) Table 4.5 — tropical Indian Ocean warming by 2050 vs 2010",P7: temperature rise by 2050 under RCP 4.5
Climate,RCP85 Temp Rise 2050,3.0,2.0,4.0,degC,"IPCC AR6 WG1 (2021) Table 4.5 — tropical Indian Ocean warming by 2050 vs 2010",P7: temperature rise by 2050 under RCP 8.5
Climate,Climate Scenario Year,2050,,,year,"IPCC AR6 projection horizon","P7: year by which full climate impact is reached (linear interpolation from base)"
,,,,,,
# P8: TRANSPORT ELECTRIFICATION PARAMETERS,,,,,,
,,,,,,
# Fleet composition (2026 baseline),,,,,,
Transport Fleet,Total Vehicles 2026,131000,110000,150000,vehicles,"Malé City Council / World Bank (2022); gathunkaaru.com (2024)","P8: total registered road vehicles in Maldives"
Transport Fleet,Motorcycle Share,0.92,0.88,0.95,ratio,"edition.mv / gathunkaaru.com (2024) — 92% motorcycles","P8: fraction of fleet that is motorcycles"
Transport Fleet,EV Share 2026,0.04,0.02,0.06,ratio,"gathunkaaru.com (2024) — ~5240 EVs mostly e-bicycles/tricycles","P8: current EV penetration share of total fleet"
Transport Fleet,Fleet Growth Rate,0.03,0.02,0.05,%/yr,"World Bank WDI (2022) — Maldives vehicle registration growth","P8: annual growth rate of total vehicle fleet"
,,,,,,
# EV adoption S-curve parameters (logistic function),,,,,,
Transport EV,EV Target Low 2056,0.30,0.15,0.40,ratio,"ESMAP TA (2024); conservative SIDS uptake — limited charging infra","P8: Low scenario — EV share by 2056"
Transport EV,EV Target Medium 2056,0.60,0.45,0.70,ratio,"NDC 2022 implied pathway; UNDP/MOTCA pilot scaling","P8: Medium scenario — EV share by 2056"
Transport EV,EV Target High 2056,0.85,0.70,0.95,ratio,"Aggressive NDC target; full STELCO charging rollout assumed","P8: High scenario — EV share by 2056"
Transport EV,EV Adoption Midpoint,2038,2034,2042,year,"Logistic midpoint; S-curve inflection — ESMAP/UNDP projections","P8: year of fastest EV adoption (S-curve midpoint)"
Transport EV,EV Adoption Steepness,0.25,0.15,0.40,1/yr,"Standard logistic steepness for technology diffusion; Griliches (1957)","P8: logistic growth rate parameter k"
,,,,,,
# Vehicle energy parameters,,,,,,
Transport Energy,Motorcycle Daily km,15,10,25,km/day,"Malé island 5.8 km²; short commute distances — expert estimate","P8: average daily distance per motorcycle"
Transport Energy,ICE Fuel Consumption,3.0,2.0,4.0,L/100km,"Average 100-150cc scooters (ICCT 2021); tropical riding conditions","P8: petrol consumption per 100 km for ICE motorcycles"
Transport Energy,EV Energy per km,0.025,0.018,0.035,kWh/km,"E-motorcycle/e-scooter typical (IEA GEVO 2024); tropical flat terrain","P8: electricity consumption per km for electric motorcycles"
Transport Energy,Petrol Price 2026,1.10,0.90,1.40,USD/L,"STO Maldives retail price (2024); imported CIF + margin","P8: retail petrol price in 2026"
Transport Energy,Petrol Price Escalation,0.03,0.01,0.05,%/yr,"IMF WEO (2024) — real oil price growth projection","P8: annual real escalation of petrol price"
,,,,,,
# Vehicle cost differential,,,,,,
Transport Costs,E-Motorcycle Premium 2026,800,500,1200,USD,"IEA GEVO (2024); Hero Electric vs ICE — emerging market premium","P8: upfront cost premium of e-motorcycle over ICE in 2026"
Transport Costs,Premium Decline Rate,0.06,0.04,0.10,%/yr,"BNEF EV Outlook (2024) — battery cost decline drives parity","P8: annual decline in EV premium (battery cost learning)"
Transport Costs,Charging Station Cost,25000,15000,40000,USD/station,"UNDP Maldives EV pilot (2024) — Level 2 solar-backed stations","P8: cost per public charging station"
Transport Costs,Vehicles per Station,100,50,200,vehicles/station,"UNDP pilot design; 5 stations for ~500 vehicles currently","P8: number of EVs served per charging station"
Transport Costs,ICE Annual Maintenance,200,150,300,USD/yr,"ICCT (2021) — motorcycle maintenance in developing countries","P8: annual maintenance cost per ICE motorcycle"
Transport Costs,EV Annual Maintenance,80,50,120,USD/yr,"IEA GEVO (2024) — EVs ~60% lower maintenance (fewer moving parts)","P8: annual maintenance cost per e-motorcycle"
,,,,,,
# Health and emissions,,,,,,
Transport Health,PM25 Damage per Vehicle km,0.012,0.006,0.025,USD/vkm,"Parry et al. (2014) IMF WP/14/199 — urban motorcycle PM2.5 in dense cities","P8: PM2.5 health damage per ICE vehicle-km (Malé density 65k/km²)"
Transport Health,NOx Damage per Vehicle km,0.005,0.002,0.010,USD/vkm,"Parry et al. (2014) IMF WP/14/199 — motorcycle NOx in tropical urban","P8: NOx health damage per ICE vehicle-km"
Transport Health,Noise Reduction per EV km,0.002,0.001,0.004,USD/vkm,"EU ExternE methodology adapted for high-density Malé","P8: noise reduction benefit per EV-km replacing ICE-km"
Transport CO2,ICE Motorcycle gCO2 per km,65,50,85,gCO2/km,"ICCT (2021) — 100-150cc motorcycle WTW emissions; Maldives fuel mix","P8: well-to-wheel CO2 per km for ICE motorcycle"