Atoll,Island,Population,Area_km2,Distance_from_Male_km,Nearest_Airport,Electricity_Provider,Peak_Load_Time,Maximum_Peak_Load_kW,Total_Installed_Capacity_kW,Total_Generator_Sets_kW,Monthly_Average_Usage_kWh,Yearly_Electricity_Production_kWh,Yearly_Billed_Amount_kW,Yearly_Oil_Consumption_Liters,Lube_Oil_Consumption_L_per_year,Solar_PV_Installed_kW,Solar_PV_Production_kWh,Synchronizing_Panel,Synchronizing_Panel_Type,Electricity_Cable_Installed_Year,Distribution_Cable_Size_mm2,CO2_Emissions_tCO2
HAA ALIF ATOLL,BAARAH,1091,2.60,294.7,Hanimaadhoo International Airport,FENAKA,12:00,211,738,"68,120,250,300","83,446.62","1,001,359.40","86,486.00","340,042.00","1,857.20",,-,Yes,Auto,2008,"35, 50, 70, 95",905.33
HAA ALIF ATOLL,DHIDHDHOO,2745,0.60,305.00,Hanimaadhoo International Airport,FENAKA,13:00,816,1508,"400,508,600","327,703.01","3,932,436.15","350,169.00","1,122,922.00","4,925.00",,-,Yes,Manual,2003,500,2
HAA ALIF ATOLL,FILLADHOO,576,2.60,301.70,Hanimaadhoo International Airport,FENAKA,12:00,122,300,"60,80,160","45,736.50","548,838.00","45,300.00","185,773.00","1,011.00",,-,Yes,Auto,2008,CO2 emission  (tCO2) 494.6020352,494.6020352
HAA ALIF ATOLL,HOARAFUSHI,1826,0.70,317.10,Hanimaadhoo International Airport,FENAKA,12:30,520,1000,"200,200,600","195,163.04","2,341,956.45","208,412.00","726,135.00","3,609.16",,-,Yes,-,1999,"CO2 emission  (tCO2) 1,933.26",1
HAA ALIF ATOLL,IHAVANDHOO,2554,0.60,314.10,Hanimaadhoo International Airport,FENAKA,12:00,642,1200,"250,350,600","229,550.60","2,754,607.24","359,448.90","838,540.00","3,985.00",,-,Yes,Manual,2007,"CO2 emission  (tCO2) 2,232.53",2
HAA ALIF ATOLL,KELAA,1063,2.00,309.30,Hanimaadhoo International Airport,FENAKA,12:30,241,636,"236,400","102,789.12","1,233,469.40","104,028.00","352,882.00","1,830.00",,-,Yes,Auto,2007,CO2 emission  (tCO2) 939.51,939.51
HAA ALIF ATOLL,MAARANDHOO,668,0.40,303.90,Hanimaadhoo International Airport,FENAKA,12:00,101,250,250,"48,097.22","577,166.60","66,754.00","203,070.00",843.00,,-,No,-,1991,CO2 emission  (tCO2) 540.65,540.65
HAA ALIF ATOLL,MULHADHOO,231,1.20,320.00,Hanimaadhoo International Airport,FENAKA,12:00,65,168,"60,60,48","24,327.92","291,935.00","65,118.89","92,590.00",446.00,,-,No,-,2012,CO2 emission  (tCO2) 246.51,246.51
HAA ALIF ATOLL,MURAIDHOO,464,0.50,298.90,Hanimaadhoo International Airport,FENAKA,12:00,104,270,"120,150","34,286.00","411,432.00","33,923.00","138,560.00",981.00,,-,No,-,1999,CO2 emission  (tCO2) 368.90,368.90
HAA ALIF ATOLL,THAKANDHOO,355,0.40,302.10,Hanimaadhoo International Airport,FENAKA,12:00,70,308,"32,58,68,150","50,912.90","610,954.79","98,622.00","112,063.00",989.00,,-,No,-,2003,CO2 emission  (tCO2) 298.36,298.36
HAA ALIF ATOLL,THURAAKUNU,417,0.30,331.10,Hanimaadhoo International Airport,FENAKA,12:30,120,348,"60,128,160","39,964.08","479,569.00","36,892.00","153,301.00",730.00,,-,Yes,Manual,2000,CO2 emission  (tCO2) 408.15,408.15
HAA ALIF ATOLL,ULIGAMU,380,1.10,328.70,Hanimaadhoo International Airport,FENAKA,12:00,96,337,"49,128,160","36,318.18","435,818.10","36,577.00","148,053.00",905.00,,-,No,-,2002,CO2 emission  (tCO2) 394.18,394.18
HAA ALIF ATOLL,UTHEEMU,593,0.50,298.00,Hanimaadhoo International Airport,FENAKA,12:40,160,560,"160,200,200","52,789.68","633,476.15","53,359.00","196,253.00","1,150.00",,-,No,-,1998,CO2 emission  (tCO2) 522.50,522.50
HAA ALIF ATOLL,VASHAFARU,449,0.40,304.70,Hanimaadhoo International Airport,FENAKA,12:30,105,320,"80,80,160","38,729.40","464,752.80","40,815.00","133,742.50",632.50,,-,No,-,2002,CO2 emission  (tCO2) 356.08,356.08
NOONU ATOLL,FODHDHOO,228,0.267,175.4,Ifuru Airport,FENAKA,,,148,"48, 100","23,563.79","282,765.45","22,603.00","101,614.00",758.00,,-,No,-,2011,"25, 35",270.54
NOONU ATOLL,HEN’BADHOO,497,0.140,198.5,Ifuru Airport,FENAKA,,,212,"48, 64, 100","42,557.57","510,690.85","39,395.00","163,464.00",779.00,,-,No,-,1996,CO2 emission  (tCO2) 435.21,435.21
NOONU ATOLL,HOLHUDHOO,1682,0.199,178.2,Ifuru Airport,FENAKA,12:30,375,670,"120, 250, 300","158,527.64","1,902,331.65","165,345.00","629,005.00","3,073.00",,-,Yes,Auto,2004,"CO2 emission  (tCO2) 1,674.66",1
NOONU ATOLL,KEN’DHIKULHUDHOO,1331,2.077,196.7,Ifuru Airport,FENAKA,12:00,350,580,"150, 180, 250","109,261.77","1,311,141.19","132,672.94","512,434.00","1,571.50",,-,Yes,Auto,2009,"CO2 emission  (tCO2) 1,364.30",1
NOONU ATOLL,KUDAFARI,480,0.288,189.3,Ifuru Airport,FENAKA,19:30,125,298,"58 ,80, 160","45,966.65","551,599.80","45,632.00","183,018.00",678.00,,-,No,-,2005,CO2 emission  (tCO2) 487.27,487.27
NOONU ATOLL,LANDHOO,668,0.868,188.9,Ifuru Airport,FENAKA,13:00,182,305,"125, 180","68,081.95","816,983.34","64,193.00","271,730.00","1,725.00",,-,Yes,Auto,1995,CO2 emission  (tCO2) 723.45,723.45
NOONU ATOLL,LHOHI,611,0.404,182.1,Ifuru Airport,FENAKA,12:00,2336,352,"80, 112, 160","42,726.46","512,717.52","41,770.00","190,120.00",790.00,,-,No,-,1998,CO2 emission  (tCO2) 506.18,506.18
NOONU ATOLL,MAAFARU,616,1.305,181.5,Ifuru Airport,FENAKA,12:00,160,300,"50, 50, 200","100,172.43","1,202,069.10","56,413.00","253,135.00","1,443.00",,-,Yes,Auto,2007,CO2 emission  (tCO2) 673.95,673.95
NOONU ATOLL,MAALHENDHOO,667,0.484,190.9,Ifuru Airport,FENAKA,,,408,"80, 80, 108, 140","48,098.66","577,183.95","51,288.00","235,013.19",935.00,,-,No,-,1997,CO2 emission  (tCO2) 625.70,625.70
NOONU ATOLL,MAGOODHOO,258,0.372,178.5,Ifuru Airport,FENAKA,,,78,"30, 48","53,260.25","639,123.00","17,407.00","81,990.00",187.00,,-,No,-,1994,CO2 emission  (tCO2) 218.29,218.29
NOONU ATOLL,MANADHOO,1408,1.067,176.3,Ifuru Airport,FENAKA,13:00,475,760,"160, 600","308,997.80","3,707,973.58","864,883.84","740,890.00","2,635.00",,-,Yes,Auto,2009,"CO2 emission  (tCO2) 1,972.55",1
NOONU ATOLL,MILADHOO,809,0.220,180.4,Ifuru Airport,FENAKA,12:00,150,380,"180, 200","69,662.59","835,951.10","59,524.00","244,493.00","1,294.00",,-,No,-,2006,CO2 emission  (tCO2) 650.94,650.94
NOONU ATOLL,VELIDHOO,1987,0.435,166.9,Ifuru Airport,FENAKA,12:00,475,1110,"160, 250, 300, 400","210,828.08","2,529,937.01","208,007.00","806,232.00","4,789.50",,-,Yes,Manual,1997,"CO2 emission  (tCO2) 2,146.51",2
RAA ATOLL,AN’GOLHITHEEMU,400,0.393,188,Ifuru Airport,FENAKA,12:00,80,409,"80, 160, 169","29,125.92","349,511.00","29,369.00","133,441.00",896.00,,-,No,-,2006,CO2 emission  (tCO2) 355.27,355.27
RAA ATOLL,ALIFUSHI,1808,0.588,206.1,Ifuru Airport,FENAKA,12:00,368,1000,"400, 600","138,954.83","1,667,458.00","165,034.00","640,590.50","1,596.50",,-,Yes,Auto,1994,"CO2 emission  (tCO2) 1,705.51",1
RAA ATOLL,DHUVAAFARU,3018,0.495,169.3,Ifuru Airport,MWSC,12:00,512,1968,"440, 640, 888","221,112.17","2,653,346.00",0.00,"727,446.00","4,550.00",,-,Yes,Auto,2012,"CO2 emission  (tCO2) 1,936.75",1
RAA ATOLL,FAINU,322,0.605,152.2,Ifuru Airport,FENAKA,12:00,68,367,"48, 150, 169","54,961.95","659,543.42","97,124.44","125,535.00",700.50,,-,Yes,Manual,2000,CO2 emission  (tCO2) 334.22,334.22
RAA ATOLL,HULHUDHUFFAARU,1137,0.597,184.5,Ifuru Airport,FENAKA,12:00,207,620,"120, 250, 250","101,596.72","1,219,160.60","135,986.00","349,036.00","1,883.50",,-,Yes,Manual,1994,CO2 emission  (tCO2) 929.27,929.27
RAA ATOLL,IN’GURAIDHOO,1223,0.453,152.2,Ifuru Airport,FENAKA,12:00,2013,430,"80, 100, 250","101,619.96","1,219,439.55","98,601.00","414,467.00","1,579.00",,-,Yes,Auto,2014,"CO2 emission  (tCO2) 1,103.48",1
RAA ATOLL,INNAMAADHOO,570,0.339,160.4,Ifuru Airport,FENAKA,13:00,173,603,"80, 108, 165, 250","114,834.63","1,378,015.50","595,179.00","276,968.00","1,176.00",,-,Yes,Manual,2000,CO2 emission  (tCO2) 737.40,737.40
RAA ATOLL,KINOLHAS,473,0.542,150.6,Ifuru Airport,FENAKA,20:00,84,289,"85, 100, 104","31,409.39","376,912.65","30,946.00","134,071.82",860.00,,-,No,-,1999,CO2 emission  (tCO2) 356.95,356.95
RAA ATOLL,MAAKURATHU,801,0.503,167.4,Ifuru Airport,FENAKA,13:00,170,320,"80, 80, 160","55,852.21","670,226.55","55,611.00","206,652.00",587.00,,-,Yes,Auto,2006,CO2 emission  (tCO2) 550.19,550.19
RAA ATOLL,MADUVVARI,1479,0.206,159.8,Ifuru Airport,FENAKA,12:00,277,538,"128, 160, 250","122,828.50","1,473,942.00","120,820.00","467,601.00","1,899.00",,-,Yes,Auto,2015,-,1
RAA ATOLL,MEEDHOO,1661,0.348,154.1,Ifuru Airport,FENAKA,13:00,357,700,"150, 150, 400","142,308.40","1,707,700.80","143,928.00","542,699.00","1,309.00",,-,Yes,Manual,2008,"CO2 emission  (tCO2) 1,444.88",1
RAA ATOLL,RASGETHEEMU,509,0.384,190.4,Ifuru Airport,FENAKA,12:00,106,420,"80, 160, 180","46,413.67","556,964.00","45,965.00","175,759.00","1,027.50",,-,Yes,Manual,2002,CO2 emission  (tCO2) 467.94,467.94
RAA ATOLL,RASMAADHOO,512,0.260,162.2,Ifuru Airport,FENAKA,13:00,114,308,"108, 200","42,346.68","508,160.20","42,614.00","180,619.00","1,052.00",,-,No,-,1998,CO2 emission  (tCO2) 480.88,480.88
RAA ATOLL,UN’GOOFAARU,1503,0.339,173.3,Ifuru Airport,ISLAND COMMUNITY,13:30,590,1370,"380, 400, 590","242,070.42","2,904,845.00","259,025.00","761,331.00","2,213.00",,157089,Yes,Auto,2009,"CO2 emission  (tCO2) 2,026.97",2
RAA ATOLL,VAADHOO,397,0.382,196.1,Ifuru Airport,FENAKA,12:00,86,304,"40, 80, 80, 104","34,995.50","419,946.00","36,068.00","151,572.00",802.30,,-,No,-,1998,CO2 emission  (tCO2) 403.55,403.55
BAA ATOLL,DHARAVANDHOO,839,0.539,115.6,Dharavandhoo Airport,FENAKA,12:00,365,700,"100, 200, 400","137,214.24","1,646,570.84","135,874.00","707,960.00","3,034.00",,-,Yes,Auto,2000,"CO2 emission  (tCO2) 1,884.87",1
BAA ATOLL,DHONFANU,369,0.175,121.3,Dharavandhoo Airport,FENAKA,12:00,87,128,"48, 80","29,949.44","359,393.30","30,276.00","147,087.00",663.00,,-,No,0,1988,CO2 emission  (tCO2) 391.60,391.60
BAA ATOLL,EYDHAFUSHI,2626,0.309,113.3,Dharavandhoo Airport,FENAKA,13:00,993,2100,"300, 400, 600, 800","419,620.43","5,035,445.10","353,759.00","1,373,595.00","5,716.00",,-,Yes,Auto,1994,"CO2 emission  (tCO2) 3,657.06",3
BAA ATOLL,FEHENDHOO,107,0.235,98.7,Dharavandhoo Airport,FENAKA,11:30,35,80,"30, 50","18,070.52","216,846.20","189,400.00","76,760.00",0.00,,-,No,-,1990,-,204.37
BAA ATOLL,FULHADHOO,220,0.283,101.1,Dharavandhoo Airport,FENAKA,12:00,70,160,"80, 80","22,510.97","270,131.65","24,366.00","110,847.00",311.00,,-,No,-,1996,-,295.12
BAA ATOLL,GOIDHOO,548,1.637,96.5,Dharavandhoo Airport,FENAKA,17:00,163,410,"60, 100, 250","61,845.66","742,147.95","57,644.00","206,145.00","1,167.00",,-,Yes,Auto,2010,CO2 emission  (tCO2) 548.84,548.84
BAA ATOLL,HITHAADHOO,718,0.314,113,Dharavandhoo Airport,FENAKA,12:00,131,406,"100, 146, 160","65,577.22","786,926.60","112,250.00","207,905.00",862.00,,-,No,-,1994,CO2 emission  (tCO2) 553.53,553.53
BAA ATOLL,KAMADHOO,471,0.202,129.5,Dharavandhoo Airport,FENAKA,12:00,155,360,"180, 180","56,496.75","677,961.00","60,085.00","252,654.00",614.00,,-,No,-,2014,CO2 emission  (tCO2) 672.67,672.67
BAA ATOLL,KENDHOO,868,0.179,134.3,Dharavandhoo Airport,FENAKA,12:30,200,571,"121, 200, 250","81,332.11","975,985.30","84,314.00","347,306.00","1,414.00",,-,Yes,Auto,1994,-,924.67
BAA ATOLL,KIHAADHOO,364,0.314,122.4,Dharavandhoo Airport,FENAKA,12:00,80,258,"64, 90, 104","31,556.08","378,672.90","46,534.00","134,718.48",755.00,,-,No,-,2004,CO2 emission  (tCO2) 358.67,358.67
BAA ATOLL,KUDARIKILU,429,0.187,133.7,Dharavandhoo Airport,FENAKA,12:00,106,260,"100, 160","41,099.53","493,194.40","41,143.00","160,799.00",503.00,,-,No,-,2008,CO2 emission  (tCO2) 428.11,428.11
BAA ATOLL,MAALHOS,485,0.256,114.5,Dharavandhoo Airport,FENAKA,12:15,136,536,"100, 128, 148, 160","59,759.38","717,112.60","118,744.00","222,540.00","1,576.00",,-,No,-,1998,CO2 emission  (tCO2) 592.49,592.49
BAA ATOLL,THULHAADHOO,1505,0.247,119.8,Dharavandhoo Airport,FENAKA,12:30,420,700,"200, 250, 250","152,255.78","1,827,069.30","179,885.00","610,236.00","1,911.00",,-,Yes,Auto,2000,"CO2 emission  (tCO2) 1,624.69",1
KAAFU ATOLL,DHIFFUSHI,1024,0.200,37,Velana International Airport,STELCO,12:30,431,664,"160, 200, 304","130,211.50","1,562,538.00","140,801.00","438,236.00","1,446.00",,66069.52,Yes,Manual,2015,"CO2 emission  (tCO2) 1,166.76",1
KAAFU ATOLL,GAAFARU,1061,0.200,61.1,Velana International Airport,STELCO,12:30,301,860,"160, 300, 400","115,888.92","1,390,667.00","122,670.00","394,777.00","1,213.00",,-,Yes,Auto,2016,"CO2 emission  (tCO2) 1,051.05",1
KAAFU ATOLL,GULHI,893,0.100,22.2,Velana International Airport,STELCO,12:30,240,792,"128, 400, 264","91,507.42","1,098,089.00","95,979.00","325,878.00","1,119.00",,-,Yes,Manual,2004,CO2 emission  (tCO2) 867.62,867.62
KAAFU ATOLL,GURAIDHOO,1605,0.200,32,Velana International Airport,STELCO,12:30,531,1350,"360, 400, 590","220,468.78","2,645,625.33","223,494.00","740,228.00","1,757.00",,59661,Yes,Auto,1998,-,1
KAAFU ATOLL,HIMMAFUSHI,1308,0.300,15.7,Velana International Airport,STELCO,19:30,540,1240,"200, 200, 250, 590","216,517.92","2,598,215.00",0.00,"770,166.00","3,433.00",,5673,Yes,Auto,2001,"CO2 emission  (tCO2) 2,050.49",2
KAAFU ATOLL,HULHUMAL,15769,2.000,4.1,Velana International Airport,STELCO,21:00,,17400,,"4,272,559.50","51,270,714.00","46,034,939.00",,"68,916.00",,-,Yes,Auto,2003,"CO2 emission  (tCO2) 36,040.36",36
KAAFU ATOLL,HURAA,1142,0.300,19.1,Velana International Airport,ISLAND COMMUNITY,12:00,707,910,100360450,0.00,0.00,"1,188,437.22","888,230.00","3,995.25",,-,Yes,Manuel,2002,"CO2 emission  (tCO2) 2,364.82",2
KAAFU ATOLL,KAASHIDHOO,1865,2.800,85.4,Dharavandhoo Airport,STELCO,12:00,339,1200,"160, 200, 250, 590","179,336.58","2,152,039.00","189,536.00","616,960.00","2,653.00",,41519,Yes,Manual,2000,120,1
KAAFU ATOLL,MAAFUSHI,2692,0.400,26.1,Velana International Airport,STELCO,19:00,1389,4079,"590, 889, 1000, 1600","573,487.00","6,881,844.00","629,814.00","1,878,223.00","8,443.00",,179223,Yes,Auto,1997,120,5
KAAFU ATOLL,MAL,127079,1.900,0,Velana International Airport,STELCO,15:00,56048,80320,1000,"28,080,134.33","336,961,612.00","27,772,229.00","86,055,128.00","273,114.00",,911325,Yes,Auto,1949,"CO2 emission  (tCO2) 229,113.17",229
KAAFU ATOLL,THULUSDHOO,1388,0.400,26.7,Velana International Airport,STELCO,12:30,636,1160,"200, 200, 320, 440","240,137.08","2,881,645.00","252,495.00","807,482.91","2,041.00",,79566,Yes,Auto,1995,"CO2 emission  (tCO2) 2,149.84",2
KAAFU ATOLL,VILLIMAL,7790,0.300,3.7,Velana International Airport,STELCO,21:30,2031,4000,"1000, 1000, 1000, 1000","1,041,616.67","12,499,400.00","1,100,998.00","3,458,394.97","12,992.00",,332960.7,Yes,Auto,1997,"CO2 emission  (tCO2) 9,207.63",9
ALIFU ALIFU ATOLL,BODUFOLHUDHOO,607,0.087,81.3,Maamigili Airport,STELCO,13:30,180,416,"112, 128, 176","64,818.00","777,816.00","69,743.00","236,597.09",835.75,,-,Yes,Auto,2001,CO2 emission  (tCO2) 629.92,629.92
ALIFU ALIFU ATOLL,FERIDHOO,437,0.442,89.8,Maamigili Airport,STELCO,13:00,135,444,"128, 140, 176","51,402.22","616,826.60","50,268.00","186,001.00",728.00,,-,No,0,2006,CO2 emission  (tCO2) 495.21,495.21
ALIFU ALIFU ATOLL,HIMANDHOO,703,0.231,90,Maamigili Airport,STELCO,12:00,212,612,"112, 160, 220, 120","74,820.92","897,851.00","80,213.00","273,920.00",857.50,,-,Yes,Auto,2005,CO2 emission  (tCO2) 729.28,729.28
ALIFU ALIFU ATOLL,MAALHOS,426,0.319,91.5,Maamigili Airport,STELCO,11:30,124,476,"80, 176, 140, 80","57,359.25","688,311.00","70,790.00","199,378.00",820.00,,-,Yes,Auto,1989,CO2 emission  (tCO2) 530.82,530.82
ALIFU ALIFU ATOLL,MATHIVERI,578,0.219,86.9,Velana International Airport,STELCO,,240,920,"160, 176, 184, 400","90,722.83","1,088,674.00","93,607.00","326,604.00","1,378.00",,-,Yes,Auto,,-,869.55
ALIFU ALIFU ATOLL,RASDHOO,1065,0.201,58,Velana International Airport,STELCO,12:30,495,1218,"440, 250, 528","208,092.67","2,497,112.00","322,780.00","669,768.00","1,697.00",,-,Yes,Manual,2002,"CO2 emission  (tCO2) 1,783.19",1
ALIFU ALIFU ATOLL,THODDOO,1320,1.726,67.8,Velana International Airport,STELCO,12:30,451,680,"120, 176, 264, 120","161,787.42","1,941,449.00","178,682.00","612,304.00","1,653.50",,-,Yes,Auto,2007,"CO2 emission  (tCO2) 1,630.20",1
ALIFU ALIFU ATOLL,UKULHAS,918,0.213,72,Maamigili Airport,STELCO,12:30,286,737,"112, 300, 325","116,527.58","1,398,331.00","124,640.00","398,807.00","1,699.95",,22825,Yes,Manual,2002,"CO2 emission  (tCO2) 1,061.78",1
VAAVU ATOLL,FELIDHOO,516,0.144,79.6,Maamigili Airport,STELCO,12:30,190,574,"150, 120, 304","79,073.31","948,879.70","79,067.00","286,613.00","1,041.50",,-,No,-,2004,CO2 emission  (tCO2) 763.08,763.08
VAAVU ATOLL,FULIDHOO,360,0.121,56.7,Velana International Airport,STELCO,15:00,158,439,"100, 160, 179","46,126.34","553,516.07","52,443.00","195,350.00",808.00,,-,No,-,2010,CO2 emission  (tCO2) 520.10,520.10
VAAVU ATOLL,KEYODHOO,657,0.118,79.6,Maamigili Airport,STELCO,13:30,134,456,"120, 153, 183","60,882.62","730,591.40","67,399.00","219,985.00","1,137.00",,-,Yes,Auto,2007,CO2 emission  (tCO2) 585.69,585.69
VAAVU ATOLL,RAKEEDHOO,84,0.063,96.5,Maamigili Airport,STELCO,19:00,39,72,72,"9,351.67","112,220.00","14,744.00","52,348.00",267.00,,33613.32,No,-,2008,CO2 emission  (tCO2) 139.37,139.37
VAAVU ATOLL,THINADHOO,132,0.116,77.8,Maamigili Airport,STELCO,13:30,208,528,72,"58,779.47","705,353.60","70,829.00","201,437.00","1,111.00",,-,No,-,2012,CO2 emission  (tCO2) 536.31,536.31
MEEMU ATOLL,DHIGGARU,982,0.100,118.7,Maamigili Airport,FENAKA,14:00,212,550,"140, 160, 250","80,264.42","963,173.00","117,599.00","362,237.00","1,107.50",,-,Yes,Auto,2008,CO2 emission  (tCO2) 964.42,964.42
MEEMU ATOLL,KOLHUFUSHI,748,0.900,157.6,Kudahuvadhoo Airport,FENAKA,13:00,206,720,"160, 280, 280","83,221.08","998,652.90","82,390.00","317,221.00",765.00,,-,Yes,Auto,2014,CO2 emission  (tCO2) 844.57,844.57
MEEMU ATOLL,MADUVVARI,369,0.100,118.7,Maamigili Airport,FENAKA,7:30,83,226,"34, 40, 48, 104","29,114.83","349,378.00","30,115.00","125,782.00","1,078.00",,-,Yes,Auto,2017,CO2 emission  (tCO2) 334.88,334.88
MEEMU ATOLL,MULAH,1264,0.700,137.2,Kudahuvadhoo Airport,FENAKA,13:00,270,839,"225, 250, 364","117,296.58","1,407,559.00","116,403.00","437,302.00","1,703.00",,-,Yes,Auto,2009,"CO2 emission  (tCO2) 1,164.27",1
MEEMU ATOLL,MULI,862,0.400,140.9,Kudahuvadhoo Airport,FENAKA,13:00,380,660,"160, 250, 250","102,559.42","1,230,713.00","121,105.00","438,206.30","1,637.00",,-,Yes,Manual,2009,"CO2 emission  (tCO2) 1,166.68",1
MEEMU ATOLL,NAALAAFUSHI,426,0.100,144.6,Kudahuvadhoo Airport,FENAKA,13:00,74,188,"80, 108","97,045.83","1,164,550.00","82,390.00","157,322.00","1,043.00",,-,No,-,2005,CO2 emission  (tCO2) 418.85,418.85
MEEMU ATOLL,RAIMANDHOO,113,0.300,121.1,Kudahuvadhoo Airport,FENAKA,0:00,50,113,"48, 65","13,372.25","160,467.00","99,585.50","67,280.00",423.50,,-,No,-,2013,CO2 emission  (tCO2) 179.13,179.13
MEEMU ATOLL,VEYVAH,254,0.400,137.4,Thimarafushi Airport,FENAKA,12:00,59,138,"58, 80","60,297.76","723,573.10","75,855.00","95,086.00",502.00,,-,No,-,1995,CO2 emission  (tCO2) 253.16,253.16
FAAFU ATOLL,BILEIYDHOO,767,0.300,132.4,Maamigili Airport,FENAKA,12:30,234,352,"80, 112, 160","71,689.75","860,277.00","81,399.00","337,405.00","1,198.00",,-,Yes,Auto,1997,CO2 emission  (tCO2) 898.31,898.31
FAAFU ATOLL,DHARAN’ BOODHOO,403,0.400,140,Maamigili Airport,FENAKA,12:00,83,144,"80, 64","26,350.17","316,202.00","30,725.00","115,220.00",439.00,,-,Yes,Manual,1998,CO2 emission  (tCO2) 306.76,306.76
FAAFU ATOLL,FEEALI,864,0.100,116.1,Maamigili Airport,FENAKA,12:30,188,594,"128, 166, 300","81,244.67","974,936.00","78,383.00","359,100.00","1,447.00",,-,Yes,Manual,1993,CO2 emission  (tCO2) 956.07,956.07
FAAFU ATOLL,MAGOODHOO,562,0.200,136.7,Maamigili Airport,FENAKA,12:30,173,536,"84, 112, 160, 180","60,717.00","728,604.00","65,379.00","246,695.00",985.00,,-,Yes,Manual,1997,CO2 emission  (tCO2) 656.80,656.80
FAAFU ATOLL,NILANDHOO,1658,0.600,144.3,Kudahuvadhoo Airport,ISLAND COMMUNITY,13:00,290,1000,"500, 500","228,164.17","2,737,970.00","213,256.00","790,853.00","1,700.00",,-,Yes,Auto,2006,"CO2 emission  (tCO2) 2,105.57",2
LAAMU ATOLL,DHAN’BIDHOO,569,0.600,231.5,Kadhdhoo Aiport,FENAKA,14:00,400,240,"80, 160","51,816.20","621,794.42","53,817.00","203,295.00",725.50,,-,No,-,2006,CO2 emission  (tCO2) 541.25,541.25
LAAMU ATOLL,FONADHOO,2203,1.600,261.1,Kadhdhoo Aiport,FENAKA,12:30,192,1960,"360, 600, 1000","352,199.66","4,226,395.89","343,109.00","1,457,263.00","3,858.00",,-,Yes,Auto,2005,"CO2 emission  (tCO2) 3,879.82",3
LAAMU ATOLL,GAN,3543,6.200,251.9,Kadhdhoo Aiport,FENAKA,12:30,543,4180,150,"488,666.81","5,864,001.73","514,575.12","1,923,676.00","7,711.00",,-,Yes,Auto,2001,"CO2 emission  (tCO2) 5,121.59",5
LAAMU ATOLL,HITHADHOO,1011,1.100,265.2,Kadhdhoo Aiport,FENAKA,12:00,145,760,"150, 180 180, 250","64,468.33","773,619.95",0.00,"251,095.00",968.00,,-,No,-,2006,CO2 emission  (tCO2) 668.52,668.52
LAAMU ATOLL,ISDHOO,944,3.600,229.6,Kadhdhoo Aiport,FENAKA,,,940,"160, 160, 260 360","66,482.14","797,785.69",0.00,"301,555.00","1,404.00",,-,No,-,2006,CO2 emission  (tCO2) 802.86,802.86
LAAMU ATOLL,KALHAIDHOO,467,3.600,229.6,Kadhdhoo Aiport,FENAKA,12:30,125,260,"100, 160","67,893.50","814,721.96",0.00,"198,510.00",320.00,,-,No,-,2006,CO2 emission  (tCO2) 528.51,528.51
LAAMU ATOLL,KUNAHANDHOO,657,0.900,267.2,Kadhdhoo Aiport,FENAKA,,150,560,"150, 160, 250","40,896.28","490,755.40",0.00,"201,578.00","1,091.00",,-,No,-,2000,CO2 emission  (tCO2) 536.68,536.68
LAAMU ATOLL,MAABAIDHOO,650,0.500,238.9,Kadhdhoo Aiport,FENAKA,14:00,172,480,"150, 250, 80","86,941.78","1,043,301.30",0.00,"354,069.00",867.00,,-,Yes,Manual,2006,CO2 emission  (tCO2) 942.67,942.67
LAAMU ATOLL,MAAMENDHOO,898,0.200,263.4,Kadhdhoo Aiport,FENAKA,19:30,196,740,"160, 180 400","63,805.22","765,662.65",0.00,"298,700.20","1,229.00",,-,Yes,Auto,1999,CO2 emission  (tCO2) 795.26,795.26
LAAMU ATOLL,MAAVAH,1270,0.400,257.4,Kadhdhoo Aiport,FENAKA,12:00,418,650,"250, 400","149,012.84","1,788,154.08",0.00,"530,369.00","1,967.80",,-,Yes,Auto,2017,"CO2 emission  (tCO2) 1,412.05",1
LAAMU ATOLL,MUNDOO,236,0.300,240.8,Kadhdhoo Aiport,FENAKA,21:00,93,170,"75, 95","21,524.25","258,291.05",0.00,"109,919.00","1,121.50",,-,No,-,2005,CO2 emission  (tCO2) 292.65,292.65
GAAFU ALIF ATOLL,DHAANDHOO,1106,0.200,396.3,Kooddoo Airport,FENAKA,19:30,325,1071,"311, 360, 400","108,088.17","1,297,058.00","103,791.00","417,733.00","2,552.00",,-,No,-,2000,"CO2 emission  (tCO2) 1,112.17",1
GAAFU ALIF ATOLL,DHEVVADHOO,597,0.200,403,Kaadedhdhoo Aiport,FENAKA,12:00,131,452,"112, 160, 180","49,025.85","588,310.20","49,808.00","178,210.00","1,030.00",,-,Yes,Auto,1998,CO2 emission  (tCO2) 474.47,474.47
GAAFU ALIF ATOLL,GEMANAFUSHI,1233,1.000,414.8,Kooddoo Airport,FENAKA,19:30,285,760,"360, 400","119,020.61","1,428,247.31","124,979.18","449,042.00","1,743.00",,-,Yes,Auto,2001,"CO2 emission  (tCO2) 1,195.53",1
GAAFU ALIF ATOLL,KAN’DUHULHUDHOO,530,0.300,426,Kooddoo Airport,FENAKA,14:00,122,280,"80, 80, 120","47,359.08","568,308.98","47,487.96","200,495.00","1,507.00",,-,Yes,Auto,2001,CO2 emission  (tCO2) 533.80,533.80
GAAFU ALIF ATOLL,KON’DEY,220,1.200,409.3,Kooddoo Airport,FENAKA,12:30,72,248,"68, 80, 100","29,273.84","351,286.05","28,490.00","127,945.06",996.00,,-,Yes,Manual,2002,CO2 emission  (tCO2) 340.64,340.64
GAAFU ALIF ATOLL,KOLAMAAFUSHI,979,0.300,374.1,Kooddoo Airport,FENAKA,12:00,248,670,"190, 200, 280","98,614.67","1,183,376.00","102,232.00","369,400.00","1,925.50",,-,Yes,Auto,2008,CO2 emission  (tCO2) 983.49,983.49
GAAFU ALIF ATOLL,MAAMENDHOO,1138,0.500,385.4,Kooddoo Airport,FENAKA,12:00,225,610,"160, 200, 250","96,648.42","1,159,781.00","92,061.00","413,058.00","2,684.70",,-,Yes,Auto,2000,"CO2 emission  (tCO2) 1,099.73",1
GAAFU ALIF ATOLL,NILANDHOO,592,0.600,394.5,Kooddoo Airport,FENAKA,12:00,150,770,"160, 160, 200, 250","61,871.83","742,461.90","63,061.00","245,285.00","1,548.00",,-,Yes,Auto,1998,CO2 emission  (tCO2) 653.05,653.05
GAAFU ALIF ATOLL,VILIN’GILI,2900,0.600,381.7,Kooddoo Airport,FENAKA,14:00,965,2238,"550, 800, 888","388,799.33","4,665,592.00","379,602.00","1,334,447.00","6,437.00",,-,Yes,Auto,1996,"CO2 emission  (tCO2) 3,552.83",3
GNAVIYANI ATOLL,FUVAHMULAH,8579,4.900,496.5,Fuvamulah Airport,FENAKA,15:00,2270,3800,"600, 1000, 1000, 1200","1,022,237.08","12,266,845.00","997,657.00","3,382,769.44","12,908.00",,-,Yes,Auto,1991,-,9
SEENU ATOLL,ADDU,17935,8.000,535.6,Gan International Airport,FENAKA,15:00,5870,9850,750,"2,756,398.69","33,076,784.25","2,725,986.00","8,914,940.00","34,605.00",,-,Yes,Auto,1998,"CO2 emission  (tCO2) 23,735.14",23
SEENU ATOLL,ADDU,3461,3.000,532.5,Gan International Airport,FENAKA,21:00,760,1495,"165, 165, 165, 500, 500","353,808.52","4,245,702.20","353,528.00","1,264,441.97","5,581.00",,-,Yes,Auto,1997,"CO2 emission  (tCO2) 3,366.45",3
